,0
527776,"1249210,1239543,1239544,1239545,1239546"
747031,"1249210,1249211"
641423,"1243015,1243016,1243384,1243385,1243387,1249210,1249211,1239543"
665053,"1187672,1185305,1185306,1185307,1225247,1225248,1198242,1198243,1243015,1243016,1243386,1243387,1249210,1249211,1239543"
519082,"1187671,1187672,1185304,1185305,1185306,1185307,1225247,1225248,1225249,1198241,1198242,1198243,1243015,1243016,1243384,1243385,1243386,1243387,1249210,1249211,1239543,1239544"
669855,"1152847,1152848,1152849,1152850,1187671,1187672,1185304,1225247,1225249,1198241,1198243,1243384,1243386"
457279,"1152839,1243385,1249211"
298438,"1152839,1152846,1152847,1152848,1152849"
12454,"1158063,1158064,1152839,1152846,1152847,1152848,1152849,1152850,1187671,1187672,1185304,1185305,1185306,1185307,1225247"
364788,"1140385,1140386,1140387,1158062,1158063,1243385,1243386,1243387"
398778,"1140385,1140386,1140387,1158062,1158063,1158064,1152839,1152846,1152847,1152848,1152849,1152850,1187671,1187672,1185304,1225247,1225248,1225249,1198241,1198242,1198243,1243384,1243385,1249210,1249211,1239543,1239544,1239545,1239546"
887207,"1119550,1119551,1187671,1187672,1185305,1185306,1185307,1225247,1225248,1225249,1198241,1198242,1198243,1243384,1243385,1243386,1243387,1249210,1249211,1239546"
662973,"1119536,1119549,1119550,1119552,1119553,1140385,1140386,1158062,1158063,1152839,1152850,1187671,1187672,1185304,1185305,1185306,1185307,1225248,1198242,1243015,1243016,1239543,1239544,1239545"
646847,"1119535,1119536,1185305,1185306,1225247,1225248,1225249,1198241,1198242,1198243,1243015,1243016,1243384,1243387"
455524,"1115781,1140385,1140386,1140387,1152839,1152847,1152848,1152849,1152850,1187671,1243015,1243016,1243384,1243385,1243386,1243387"
660889,1072309
550235,"1072308,1072309"
464626,"1072306,1072307,1115780,1152849,1239545,1239546"
229954,"1031659,1031661,1031663,1072305,1072306,1072307,1072308,1072309,1115780,1115781,1119535"
214265,"1031441,1031443,1031659,1031661,1031663"
370535,"1031441,1031443,1031659,1031663"
236489,"1031441,1031443,1031659,1031661,1031663,1072305,1072306,1072307,1072308,1072309,1115780,1115781,1119535,1119536,1119549,1239545,1239546"
211855,"1034817,1031437,1031439"
440780,"1034815,1034817,1031437,1031439,1031441,1031443,1119536,1119549,1119550,1119551,1119552,1119553,1140385,1140386,1140387,1158062,1158064"
632172,"1034809,1034811,1034813,1239544,1239545,1239546"
349853,"1029827,1034809,1034811"
521637,"1029825,1029827,1034809,1034811"
414990,"913641,1034815,1034817,1072305"
296597,"913613,913615,913617,913641,913643,913645,913647,1072305,1072306,1072307,1072308,1072309,1115781"
249866,"800461,800463,800465,800467,913613,913615,913617,913641,913643,913645,913647"
244497,"902635,902637,902639,1029825,1029827,1034809,1034811,1034813,1034815,1034817,1119549,1119550,1119551,1119552,1119553,1140385,1140386,1140387,1158062"
351588,"743939,743941,743963,743965,743969,743971,902635,902637,1031437,1031439,1115781,1119535,1158064,1185306,1185307,1225247,1243015,1243016,1249210,1249211,1239544"
251721,"743939,743941,743963,743965,743967,743969,743971"
308967,"667715,667717,667719,766929,766931,766933,743939,743941,743963,743965,743967,743969,743971,902635,902637,1034813,1034815,1034817,1119535,1119536,1119549,1119550,1119551,1119552,1119553,1140385,1140386,1140387,1158062,1158063,1158064,1152846,1152847,1152848,1152849,1152850,1187671,1185304,1185305,1185306,1185307,1225247,1225248,1225249,1198241,1198242,1198243,1243015,1243016,1243384,1239543,1239544,1239545"
272485,"667899,667901,667711,667713,667715,667717,667719"
288992,"667899,667901,667715,667717,667719,766929,766931,766933"
8917,"667899,667901,667711,667713,667715,667717,667719,766931,766933,743939,743941,743963,743965,743967,743969,743971,902635,902637,902639,800461,800463,800465,800467,913613,913615,913617,913641,913643,913645,913647,1029825,1029827,1034809,1034811,1034813,1034815,1034817,1031437,1031439,1031441,1031443,1031659,1031661,1031663,1072305,1072306,1072307,1072308,1072309,1115780,1119552,1119553,1140385,1140386,1140387,1158062,1158063,1158064,1152839,1152846,1243385,1239544,1239545,1239546"
24599,"592401,1127284,1152839"
310519,592401
232438,"592401,667899,667901,667711,667713,667715,667717,667719,766929,766931,766933,743939,743941,743963,743965,913641,913643,913645,913647,1029825,1029827,1031437,1031439"
311158,"592398,592399,592400,592401,667711,667713,766929,766931,766933,743939,743941,743963,743965,743967,743969,743971,902635,902637,902639,800461,800463,800465,800467,913613,913643,1029825,1029827,1034809,1034811,1034813,1034815,1034817,1031437,1031439,1031441,1031443,1031659,1031661,1031663,1115780,1115781,1119535,1119549,1119551,1119552,1119553,1140385,1140386,1140387,1158062,1158063,1158064,1152846,1152847,1152848,1152849,1152850,1187671,1187672,1185304,1185305,1185306,1185307,1225247,1225248,1225249,1198241,1243384,1243385,1243386,1243387"
247235,"566936,667715,667717,667719,800461,800467,913615,913617,913641,913643,913645,913647,1029825,1029827,1034809,1034813,1034815,1031661,1072305,1072306,1072307,1072308,1115780,1119536,1119550,1119551,1152839,1152846,1152847,1152848,1152850,1187672,1185307,1225248,1225249,1198241,1198242,1198243,1239546"
297499,566936
303669,"565809,569243,569244,569245,566921,566922,566932,566933,566934,566935,566936,592397,592398,592399,592400,667899,667901,667711,667713,667715,667717,667719,766929,766931,766933,743939,743941,743963,743965,743967,743969,743971,902635,902637,902639,800461,800463,800465,800467,913613,913615,913617,913641,913643,913645,913647,1029825,1029827,1034809,1034811,1034813,1034815,1034817,1031437,1031439,1031441,1031443,1031659,1031661,1031663,1072305,1072306,1072307,1072308,1072309,1115780,1115781,1119535,1119536,1119549,1119550,1119551,1119552,1119553,1140385,1140386,1140387,1158062,1158063,1158064,1152839,1152846,1152847,1152848,1152849,1152850,1187671,1187672,1185304,1185305,1185306,1185307,1225248,1225249,1198241,1198242,1198243,1243015,1243016,1243384,1243385,1243386,1243387,1249210,1249211,1239543,1239544,1239545,1239546"
11718,"565806,565807,565808,565809,569243,569244,569245,566921,566922,800461,800463,800465,800467,913613,913615,913617"
297635,"534226,534227,902639,800461,800463,800465,800467"
297433,"534205,534206,534207,534227,565807,569245,566921,566922,566932,566933,566934,566935,592400,592401,743967,743969,743971,902635,902637,902639,800461,800463,800465,800467,913613,913615,913617,913641,913643,913645,913647,1029825,1029827,1034809,1034811,1034813,1034815,1034817,1031437,1031439,1031441,1031443,1031659,1031661,1031663,1072305,1072306,1072307,1072308,1072309,1115780,1115781,1119535,1119536,1119549,1119550,1119551,1119552,1119553,1140387,1158062,1158063,1158064,1152839,1152846,1152847,1152848,1152849,1152850,1185304,1243015,1243016,1243386,1243387,1239543,1239544,1239545,1239546"
18632,"521225,521226,565806,565807,565808,902639"
21431,426402
24598,"426401,426402,426413,426414,426415,426416,474463,474464,474465,474472,474473,474474,474475,531628,531629,531630"
21646,"426424,766929"
210283,"426423,426424,426401,426402,426413,426414,426415,426416,428749,428750,428751,474464,521226,534207,534226,534227,565808,569243,569244,569245,566921,566922,566932,743967,743969,743971,800461,800463,800465,913613,913615,913617,913641,913645,913647,1029827"
10656,"426423,592397,592398,592399,592400,592401"
47623,"345974,387570,387571,387572,387573,426423,426424,426401,426402,426413,426414,426415,426416,428749,428750,428751,428752,428753,474463,474464,474465,474472,474473,531628,531629,531630,521225,521226,534205,534206,534207,534225,534226,534227,565806,565807,565808,565809,569243,569244,569245,566921,566922,566932,566933,566934,566935,566936,592397,766929,766931,766933"
18389,"380712,380713,345971,345972,345973,387570,387571,387572,534207"
9310,"380712,380713,426423,426424,426401,428752,428753,474473,474474,474475,521226,534205,534206,534207,534225,534226,565806,565809,566933,566934,566935,592399,592400"
23911,352664
20431,"361050,361051,390680,352663,352664,380712,380713,345970,345971,345972,345973,345974,387570,387571,387572,387573,426423,426424,426401,426402,426413,426414,426415,426416,428749,428750,428751,428752,428753,474463,474464,474465,474472,474473,474474,474475,531628,531629,531630,521225,521226,534205,534206,534207,534225,534227,565806,565807,565808,565809,566921,566922,566932,566933,566934,566935,566936,592397,592398,592399"
270253,296910
8845,"300442,300443,300444,296900,296901,296902,296909,296910,296911,296912,352663"
10617,"291223,300443,300444,296900,296901,296902,296909,296910,296912,361051,352661,352662,390680,352663,352664,380712,380713,345970,345971,345972,345973,345974,387570,387571,387572,387573,426423,426424,426413,426414,426415,426416,428749,428750,474463,474464,474465,474472,474473,474474,474475,531628,531629,531630,521225,534205,534206,534225,534226,534227,565806,565807,569243,569244,569245,566921,566922,566932,566933,566934,566935,566936,592397,592398,592399,592400,592401,667899,667901,667711,667713,667715,667717,667719,766929,766931,766933,743939,743941,743963,743965,743967,743969,743971,902635,902637,902639,800461,800463,800465,800467,913613,913615,913617,913641,913643,913645,913647,1029825,1034809,1034811,1034817,1031437,1031439,1031441,1031443,1031659,1031661,1031663,1072305,1072306,1072307,1072308,1072309,1115780,1115781,1119535,1119536,1119549,1119550,1119551,1119552,1119553,1140387,1158063,1158064,1152839,1152846,1152847,1152848,1152849,1152850,1187671,1187672,1185304,1185305,1185306,1185307,1225248,1225249,1198241,1198242,1198243,1243015,1243385,1243386,1249210,1249211,1239543"
10582,"291222,291223,291224,352663,380712,380713,345970,345971,345972,345973,474474,474475,534225"
21650,"258468,258469,258470,428751,428752,428753,474463,474464,474465,474472,531628,592397"
18675,"258459,258460,258461,258462,258468,258469,258470,291222,291223,291224,361050,361051,352661,352662,390680,352664,380712,380713,345970,345971,345972,345973,345974,387570,387571,387572,387573,426423,426424,426401,426402,426413,426414,426415,426416,428749,428750,428751,428752,428753,474463,474464,474465,474472,474473,474474,474475,531628,531629,531630,521225,521226,534205,534206,534207,534225,534226,534227,565806,565807,565808,565809,569243,569244,569245,566921,566922,566932,566933,566934,566935,566936,592397,592398,592399,667899,667901,667711,667713"
16281,225266
17944,"225264,225265,225256,225257,225258,249224,249225,249226"
20123,"238187,258459,352662,390680,352663,352664"
18655,"239025,238186,238187,225264,225265,225266,225255,225256,225257,225258,249224,249225,249226,258459,258460,258461,258462,258468,258469,258470,291222,291223,291224,300442,300443,300444,296900,296901,296902,296909,296910,296911,296912,361050,361051,352661,352662,352664,345970,531629,531630,521225,565807,565808,565809,569243,569244,569245,592398,592400"
11728,"239025,238186,225264,225265,225266,225255,225256,225257,225258,249222,249223,249224,249225,249226,258459,258460,258461,258462,258468,258469,258470,291222,291223,291224,300442,300443,300444,296900,296901,296902,296909,296910,296911,296912,361050,361051,352661,352662,390680,352663,352664,380712,380713,345970,345971,345972,345973,345974,387570,387571,387572,387573,426423,426424,426401,426402,426413,426414,426415,426416,428749,428750,428751,428752,428753,474463,474464,474465,474472,474473,474474,474475,531628,531629,531630,521225,521226,534205,534206,534207,534225,534226,534227,565806,565807,565808,565809,569243,569244,569245,566921,566922,566932,566933,566934,566935,566936,592397,592398,592399,592400,592401,667899,667901,667711,667713,667715,667717,667719,766929,766931,766933,743939,743941,743963,743965,743967,743969,743971,902635,902637,902639,800461,800463,800465,800467,913613,913615,913617,913641,913643,913645,913647,1029825,1029827,1034809,1034811,1034813,1034815,1034817,1031437,1031439,1031441,1031443,1031659,1031661,1031663,1072305,1072306,1072307,1072308,1072309,1115780,1115781,1119535,1119536,1119549,1119550,1119551,1119552,1119553"
9117,239025
19264,"226351,238186,225264,225265,225266,225255,258459,258460,258461,667899,667901,667711,667713"
22144,"225443,226350,226351,238187"
19296,"213856,215010,215686,216994,218383,225443,226350,226351,239025,238186,238187,225264,225265,225266,225255,225256,225257,225258,249222,249223,249224,249225,249226,258459,258460,258461,258462,258468,258469,258470,291222,291223,291224,300442,300443,300444,296900,296901,296902,296909,296910,296911,296912,361050,361051,352661,352662,390680,352663,352664,380712,380713,345970,345971,387570,387571,387572,387573,426423,426424,426401,426402,426413,426414,426415,426416,428749,428750,428751,428752,428753,474463,474464,474465,474472,474473,474474,474475,531628,531629,531630,521225,521226,534205,534206,534207,534225,534226,565806,565807,565808,565809,569243,569244,566932,566933,566934,566935,566936,592397,592398,592399,592400,592401"
9062,"64096,209929,210366,213856,215010,215686,216994,218383,225443,226350,226351,239025,238186,238187,225255,225256,225257,225258,249222,249223,249224,249225,249226,258459,258460,258461,258462,258468,258469,258470,291222,291223,291224,300442,300443,300444,296900,296901,296902,296909,296910,296911,296912,361050,361051,352661,345972,345973,345974,387570,387571,387572,387573,426423,426424,426401,426402,428749,428750,428751,428752,428753,474463,474464,474465,474472,474473,474474,474475,531628,531629,531630,521225,521226,534205,534206,534207,534225,534226,534227,565806,565808,565809,569243,569244,569245,566921,566922,566932,566933,566934,566935,566936,592397,592398,592399,592400,592401,667899,667901,667711,667713,667715,667717,667719,766929,766931,766933,743939,743941,743963,743965,743967,743969,743971,902635,902637,902639"
20387,"64086,64087,64088,64093,64094,64095,64096,64116,64117,64118,64119,64120,209929,210366,213856,215010,215686,216994,218383,225443,226350,239025,238186,238187,225264,225265,225266,225255,225256,225257,225258,249222,249223,249224,249225,249226,258459,258460,258461,258462,258468,258469,258470,300442,300443,300444,296900,296901,296902,296909,296910,296911,296912,361050,361051,352661,352662,390680,352663,352664,380712,380713,345970,345971,345972,345973,345974,387570,387571,387572,387573,426401,426402,426413,426414,426415,426416,428749,428750,428751,428752,428753,474463,474464,474465,474472,474473,474474,474475,531628,531629,531630,521225,521226,534205,534206,534207,534225,534226,534227"
15501,"64080,64086,64087,64088,64093,64094,64095,64096,64116,64117,64118,64119,64120,209929,210366,213856,215010,215686,216994,218383,225443,226350,226351,239025,238186,238187,225264,225265,225266,225255,225256,249222,249223,249224"
10772,"64056,64057,218383,225443,226351,239025,238186,238187,225264,225265,225266,225255,225256,225257,225258,249222,249223,249224,249225,249226,258459,258460,258461,258462,258468,258469,258470,291222,291223,291224,300442,300443,300444,296900,296901,296902,296909,296911,296912,361050,361051,352661,352662,390680,352663,352664,380712,380713,345970,345971,345972,345973,345974,387570,387571,387572,387573,426423,426424,426413,426414,426415,426416,428749,428750,428751,428752,428753"
20040,"64053,64087,64088"
11724,"64052,64053"
9042,"64052,64056,64057,64058,64080,209929,210366,1029825,1034813"
8476,64041
20242,"64040,64041,64042"
15901,"64040,64041,64057,64058"
15522,"64033,64053,64056"
16975,"64032,64033,64038,64039"
8608,"64032,64033,64038,64039,64040,64041,64042,64058,64094,64095,64096,64119,238187,249222,249223,249226,258468,258469,258470,291222,300443,300444,296900,296901,296902,296909,296910,296911,296912,361050,361051,352662,390680,352663,352664,380712,380713,345970,345971,345972,345973,345974,387570,387571,387572,387573,426401,426402,426413,426414,426415,426416,428749,428750,428751,428752,428753,474463,474465,474472,474473,474474,474475,531628,531629,531630,521225,521226,534205,534206,534225,534226,534227,565806,565807,565808,565809,569243,569244,569245,566921,566922,566932,566933,566934,566935,566936,592397,592398,592399,592400,592401,667899,667901,667711,667713,667715,667717,667719,766929,766931,766933,743939,743941,743963,743965,743967,902635,902637,902639,800463,800465,800467,913613,913615,913617,913643,913645,913647,1034811,1034813,1034815,1031437,1031439,1031441,1031443,1031659,1031661,1031663,1072305,1072306,1072307,1072308,1072309,1115780,1115781,1119535,1119536,1119549,1119550,1119551,1119552,1119553,1140385,1140386,1158062,1158063,1158064,1152846,1185304,1185305,1225247,1225249,1198241,1198242,1198243,1243016,1243384,1243386,1243387,1249210,1249211,1239543,1239544,1239545,1239546"
15876,"63998,63999,64010,64011,64012,64013,64032,64033,64093,64094,64095,64096,64118,64119,64120"
14054,"63998,64010,64011,64012,64013,64032,64033,64038,64039,64040,64042,64052,64077,64078,64079,64080,64086,64087,64088,64093,64094,64095,64096,64116,64117,64118,64119,64120,209929,210366,213856,215010,215686,216994,218383,221840,225443,226350,226351,239025,238186,225255,225256,225257,225258,249222,249223,249224,249225,249226,258459,258460,258461,258462,291223,291224,300442,296912,361050,352661,390680,345973,345974"
15555,"63997,64009,64077,64078,64079,64080,64086,64093,64116,64117,64118,64120,209929,210366,213856,215010,215686,216994"
12877,"63961,63962,63963,63981,63982,63983,64012"
11848,"63961,63962,63963,64010,64011,64012,64013"
18265,"63940,63961"
8499,"63936,63939,63940"
22301,"63932,63933,63936,63937,63938"
20187,"63932,258460,258461,258462,258468,258469,258470,291222,291223,291224,300442,300443,300444,296900,296901,296902,296909,296911,352661,352662,352663,387573"
21585,"63890,63891,63892,63899,63900,63901,63916,63917,63918,63932,63933,63936,63937,63938,63939,63940,63961,63962,63963,63981,63982,63983,63990,63991,63992,64000,64009,64010,64011,64012,64013,64032,64033,64038,64039,64040,64041,64042,64052,64053,64056,64057,64058,64077,64078,64079,64080,64086,64087,64088,64093,64094,64095,64096,64116,64117,64118,64119,64120,209929,210366,213856,215010,215686,216994,218383,225443,226350,226351,225264,225265,225266,225255,225256,225257,225258"
14236,"63889,63933,63961,63962,63963,63981,63982,63983,63990,63991,63992,63997,63998,63999,64000,64009,64010,64013,64032,64052,64053,64056,64077,64078,64079,64080,64086,64087,64088,64093,64094,64095,64096,64116,64117,64118,64119,64120,209929,210366,213856,215010,215686,216994,218383,225443,226350,226351,239025,238186,238187,225264,225265,225266,225255,225256,225257,225258,249222,249223,249224,249225,258459,258462,291222,291224,300442"
20073,"63883,63884"
22182,"63860,63861,63863,63864,63889,63890,63891,63892,63918,63932,63933,63962,63963,63981,63982,63983,63990,63991,63992,63997,63998,63999,64000,64009,64010,64011,64012,64013,64032,64033,64038,64039,64040,64041,64042,64052,64053,64056,64057,64058,64077,64078,64079,64080,64087,64088,64093,64094,64095,64096,64116,64117,64118,64119,64120,209929,210366,213856,215010,215686,216994,218383,226350,226351,258460,258461,258462,258468,258469,258470,291222,291223,291224,300442,300443,300444,296900,296901,296902,296909,296910,296911"
14020,63860
8487,"63860,63861,63862,63863,63864"
16876,"63844,63862,63864"
13362,"63844,63883,63884,63888"
19346,"63841,63842,63843,64052,64053,64056,64057,64058,64077,64078,64079,225257,225258,249225,249226"
13985,"63841,63842"
14149,"63817,63818"
21607,"63815,63818,63841,63938,63939,63991,63992,63999,64000,64011"
12856,"63807,63808,63860,63861,63862,63863,63883,63884,63888,63961,63962,63963,63981,63982,63983,63990,63991,63992,63997,63998,63999,64038,64039,64040,64041,64042,64056,64057,64058,64077,64078,64079,64080,64086,64087,64088,64093,64094,64095,64096,64116,64117,64118,64119,64120,209929,210366,213856,215010,215686,216994,218383,221840,225443,226350,226351,239025,238186,238187,225264,225265,225266,249222,249223,249224,249225,249226,296910,296911,296912,361050,361051,352661,352662,390680,345970,345971,345972,345974"
13368,"63806,63899,63900,63901,63916,63917,63918,63936,63962,63963,63981,63982,63983,63991,63992,63997,63999,64000,64009,64032,64033,64038,64039,64040,64042,64052,64053,64056,64057,64058,64077,64078,64079,64086,64087,64088,64093,64094,64095,64096,64116,64117,64118,64119,64120,213856,215010,215686,216994,218383,225443,226350,249222,249223"
15477,"63805,63809"
14246,"63758,63809"
14244,"63758,63759,63783,63784"
20224,63757
14127,"63756,63757,63758,63783,63784,63785,63786,63787,63788,63805,63816,63817,63818,63842,63843"
9327,"63754,63755,63756,63757,63759,63783,63785,63786,63787,63788,63804,63807,63808,63809,63814,63815,63816,63817,63818,63841,63842,63843,63860,63861,63862,63863,63864,63936,63937,63938,63939,63940,63961,63962,63963,63981,63982,63983,63990,63991,63992,63997,63998,63999,64000,64009,64010,64011,64012,64013,64032,64033,64038,64039,64040,64041,64042,64052,64053,64056,64057,64058,64077,64078,64079,64080,64086,64087,64088,64116,64117"
20193,"63734,63861,63862,63863,63864,64011"
10881,"63718,63734,63735,63740,63741,63754,63755,63756,63757,63758,63786,63804,63805,63806,63814,63888,63890,63916,63917,63918,63938"
9269,63716
12466,"63715,63716,63754,63755,63756,63757,63804,63805"
18458,"63713,63715"
17121,"63713,63714,63715,63716,63717,63718,63734,63735,63739,63814,63815,63816,63817,63841,63842,63844,63860,63864,63939"
15403,"63713,63714,63844"
22361,63689
22328,"63687,63688,63689,63704"
15913,"63687,63688,63713,63716,63717,63718,63734,63735,63739,63740,63741,63806,63883,63884,63888,63889,63933"
13324,"63686,63689,63703"
10816,"63685,63686,63687,63688,63689,63700,63701,63702,63703,63704,63713,63714,63715,63716,63717,63718,63739,63740,63741,63804,63805,63806,63807,63808,63809,63814,63815,63889,63890,63891,63892,63932,63933,63937,63990,63998,64000"
16925,"63684,63685,63686,63702,63703,63704,63714,63759"
9069,63651
10870,"63649,63650,63651,63665,63666,63667,63687,63688,63689,63702,63717,63718,63734,63735,63739,63740,63741,63754,63755,63756,63757,63758,63783,63784,63785,63809,63815,63816,63818,63990,63997,63998,63999,64000,64009,64012,64013"
13411,"63648,63649,63650,63651,63663,63664,63665,63684,63685,63686,63700,63701,63734,63735,63739,63740,63741,63754,63755,63756,63757,63804,63806,63807,63808,63809,63814,63815,63816,63817,63818,63860,63861,63862,63863,63864,63883,63884,63888,63889,63890,63891,63892,63899,63900,63901,63916,63917,63918,63932,63933,63936,63937,63938,63939,63940,64038,64039"
22403,"63646,63647,63648,63649,63687,63688,63735,63739,63889,63890,63891,63892,63899,63900,63901,63916,63917,63918,63936,63937,63938,63961,63962,63963,63997,63998,64009,64010,64011,64012"
19374,"63646,63647,63648,63649,63650,63651,63663,63664,63665,63666,63667"
9089,"63612,63613,64041,64042"
21537,"63611,63612,63613,63637,63638,63639,63640,63641,63650,63651,63663,63664,63665,63666,63667,63684,63685,63686,63687,63688,63689,63700,63701,63702,63703,63704,63713,63714,63715,63716,63717,63718,63734,63735,63739,63740,63741,63754,63755,63756,63757,63758,63759,63783,63784,63785,63786,63787,63788,63804,63805,63806,63814,63841,63842,63843,63844,63890,63891,63892,63899,63900,63901,63916,63917,63918,63932,63933,63937,63961,63981,63982,63983,63990,63991,63992,63997,64042,64052,64053,64056,64057,64058,64077,64078,64079,64080,64086,64087,64088,64093,64094,64095,64116,64117,64118,64119,64120,209929,210366"
16959,"63611,63612,63663"
16212,"63611,63612"
15388,"63611,63612,63613,63702,63703"
20404,"63609,63610,63611,63613,63614,63646,63647,63648,63816,63818,63843"
10633,"63609,63610,63611,63612,63637,63639,63640,63641,63717,63740,63741,63754,63755,63756,63758,63759,63783,63784,63785,63787,63788,63841,63842,63843,63844,63860,63861,63862,63863,63864,63883,63884,63888,63889,63890,63891,63892,63899,63900,63901,63916,63917,63918,63932,63933,63936,63937,63938,63939,63940,63981,63982,63983,63990,63991,63992,63999,64000,64009,64010,64012,64013"
9121,"63599,63600"
21484,"63598,63647"
16886,"63578,63579"
17125,"63577,63578"
20051,"63576,63577,63598,63599,63638,63639,63649,63716,63718,63807,63808,63809,63899,63900,63901"
19364,"63571,63572,63573"
17099,"63560,63561,63562"
15383,"63559,63560,63684,63685,63686,63688,63700,63702,63703"
22333,"63557,63558,63614"
19323,"63557,63558,63559,63560,63561,63562,63575,63578,63579,63614,63638,63639,63640,63641,63667,63684,63685,63700,63701,63759,63786,63787,63788,63804,63805,63806,63807,63808,63809,63814,63815,63816,63817,63818,63841,63842,63843,63844,63883,63884,63888,63889,63937,63938,63939,63940,63961,63962,63963,63981,63982,63983"
14187,"63557,63558,63559,63560,63571,63572,63573,63575,63576,63577,63578,63598,63599,63600,63605,63609,63610,63614,63637,63638,63639,63640,63641,63646,63647,63648,63649,63650,63651,63663,63664,63665,63684,63685,63686,63688,63689,63700,63701,63702,63703,63704,63713,63714,63715,63716,63807,63808,63809,63815,63816,63817,63818,63843,63883,63884,63888,63889,63891,63892,63899,63900,63901,63916,63917"
21611,"63544,63545,63546,63547,63561,63562,63571,63572,63573,63579,63599,63600,63605,63609,63610,63640,63641,63650,63663,63664,63665,63666,63734,63735,63739,63740,63741,63759,63783,63784,63785,63786,63787,63788,63841,63842,63843,63844,63861,63862,63863,63940"
22453,63536
17102,"63534,63535,63536"
16274,"63533,63534,63535,63543,63560,63561,63562,63571,63572,63575,63576,63577,63578,63579,63598,63599,63600,63605,63609,63610,63637,63638,63639,63640,63641,63666,63667,63713,63714,63715,63717,63718"
20372,"63526,63527,63528,63529,63531,63532,63533,63543,63544,63545,63546,63547,63561,63562,63571,63572,63573,63575,63576,63577,63578,63579,63598,63599,63600,63605,63609,63610,63611,63612,63613,63614,63637,63638,63639,63640,63641,63646,63647,63648,63649,63650,63651,63663,63664,63684,63685,63686,63700,63701,63702,63703,63704,63714,63715,63716,63717,63718,63734,63735,63739,63740,63741,63754,63755,63756,63757,63758,63759,63783,63784,63785,63786,63787,63788,63804,63805,63806,63807,63808,63809,63814,63815,63816,63817,63818,63841,63842,63843,63844,63860,63861,63862,63863,63864,63883,63884,63888,63889,63890,63891,63892,63899,63900,63901,63916,63917,63918,63932,63933,63936,63937,63938,63939,63940,63990,63991,63992,63997,63998,63999,64000,64009,64010,64011,64013,64032,64033,64038,64039,64040,64041,64042"
14325,"63526,63528,63529,63611,63612,63613,63614,63713,63714,63715,63717,63718,63734,63735,63739,63740,63741,63754,63755,63756,63757,63758,63759,63783,63784,63785,63786,63787,63788,63804,63805,63806,63807,63808,63814,63815,63816,63817,63818,63841,63842,63844,63860,63861,63862,63863,63864,63883,63884,63888,63890,63891,63892,63899,63900,63901,63916,63917,63918,63932,63936,63939,63940,63961,63962,63963,63981,63982,63983,63990,63991,63992,63997,63998,63999,64000,64009,64010,64011,64012,64013,64032,64033,64038,64039,64040,64041,64052,64053,64057,64058,64077,64078,64079,64080,64086"
20359,63512
15380,"63512,63637,63638"
16885,"63511,63526,63527,63528,63529,63531,63532,63533,63534,63535,63536,63543,63544,63545,63546,63547,63557,63558,63576,63577,63579,63598,63599,63605,63614,63637,63646,63651,63664,63665,63666,63667,63684,63689,63701,63704,63754,63755,63758,63759"
8579,"63511,63512,63531,63532,63533,63534,63535,63536,63543,63544,63545,63546,63547,63557,63558,63559,63560,63561,63577,63578,63579,63600,63605,63609,63610,63611,63612,63613,63614,63637,63638,63639,63640,63641,63646,63647,63648,63649,63650,63651,63663,63664,63665,63666,63667,63684,63685,63686,63687,63688,63689,63700,63701,63702,63703,63704,63713,63714,63715,63716,63717,63718,63734,63735,63739,63740,63741,63754,63755,63756,63757,63758,63759,63783,63784,63785,63786,63787,63788,63804,63805,63806,63807,63808,63814,63815,63816,63817,63843,63844,63860,63861,63862,63863,63864,63883,63884,63888,63889,63890,63891,63892,63899,63900,63901,63916,63917,63918,63932,63933,63936,63937,63938,63939,63940"
12909,"63509,63510,63511,63526,63527,63534,63535,63536,63543,63544,63546,63614,63638,63639,63640,63641,63646,63647,63648,63649,63650,63665,63666,63667,63685,63686,63687,63688,63689,63700,63701,63704,63783,63784,63785,63786,63787,63788,63804,63805,63806,63807,63808,63809,63814,63817"
19500,"63489,63507,63508,63509,63510,63511,63512,63526,63527,63528,63529,63531,63532,63533,63534,63535,63536,63543,63544,63545,63557,63558,63559,63560,63562,63571,63572,63573,63575,63576,63577,63637,63638,63639,63640,63641,63687,63688,63689,63700,63701,63702,63703,63704,63713,63714,63715,63716,63717,63784,63785,63786,63787,63788"
18012,"63489,63507,63547"
16219,"63489,63559,63561,63562,63573"
9002,"63489,63507,63508,63509"
16951,"63488,63613,63614,63637"
8942,"63488,63527,63528,63529"
20263,"63487,63488,63489,63507,63508,63510,63511,63512,63526,63527,63528,63529,63531,63532,63533,63534,63535,63536,63543,63544,63545,63546,63547,63557,63558,63559,63561,63562,63571,63572,63573,63575,63576,63577,63578,63579,63598,63599,63600,63605,63609,63610,63611,63612,63613,63637,63638,63639,63640,63641,63646,63647,63648,63684,63685,63686,63687,63700,63701,63702,63703,63704"
10897,"63487,63488,63509,63510,63511"
10721,"63486,63488"
15485,"63477,63478,63484,63485,63508,63509,63598,63599,63605"
10653,"63463,63470,63471,63472,63476,63477,63478,63479,63486,63488,63512,63526,63527,63528,63529"
12803,"63461,63472,63478,63479,63531,63532,63533,63598,63599,63605"
22392,63446
19394,"63444,63445,63446,63447,63448,63463,63487,63488"
11865,"63444,63445,63446,63447,63461,63470,63472,63477,63479,63484,63486,63488,63507,63528,63529,63531,63532,63544,63546,63547,63557,63558,63559,63560,63561,63562,63571,63572,63573,63575,63576,63600,63609,63646,63647,63648,63649,63650,63651,63663,63664,63666,63667,63684"
20217,"63436,63437,63447,63448,63485,63512,63526,63527,63528,63529,63531,63532,63533,63543,63545,63546,63547"
17119,"63435,63436,63465,63476,63477,63478,63479,63485,63486,63511"
19314,"63434,63435,63478"
9074,63434
12923,"63433,63434,63435,63436,63437,63461,63462,63464,63465,63470,63471,63472,63476,63477,63478,63479"
20206,"63425,63428,63433"
21512,"63424,63425,63426,63427,63436"
20235,"63424,63427"
21486,"63407,63408"
20185,63405
19445,"63391,63392,63393,63394,63395,63403,63404,63405,63406,63407,63408,63424,63426,63427,63428,63432,63461,63462,63463,63464,63465,63470,63471,63476,63477,63478,63479,63489,63510"
10843,"63391,63392,63393,63394,63395,63487"
12507,"63379,63380,63391,63392,63393,63407,63408,63424,63425,63428,63432"
8501,"63379,63380,63406"
21502,"63377,63378"
9230,"63376,63377,63378,63379,63380,63444,63445,63446,63447,63448,63462,63463,63464,63465,63470,63471,63472,63476,63477,63478,63479,63484,63485,63507,63508"
16322,63375
18533,63362
20233,"63345,63346,63361,63363,63364,63365,63366,63433"
12879,"63345,63361,63363,63365,63366,63376,63394,63395,63404,63426,63427,63428,63434,63435,63461,63462,63463,63464,63465,63470,63471,63476,63487,63488,63489,63507,63508,63510,63610"
10797,"63345,63346,63361,63364,63365,63366,63375,63377,63378,63470,63471,63472,63510,63511,63512"
10839,"63324,63325,63327,63328,63343,63344,63345,63346,63362,63363,63364,63366,63378,63391,63392,63393,63394,63395,63403"
16899,"63319,63343,63363,63364,63365,63366"
12884,"63319,63325,63326,63327,63343,63344,63362,63363,63365,63366,63375,63376,63377,63378,63379,63380,63391,63392,63393,63394,63395"
14152,"63317,63318,63325,63326,63328,63471,63476,63479,63511,63531,63532,63533,63534,63535,63536,63545"
13464,"63317,63318"
18627,"63314,63315,63316,63318,63324,63326,63327,63375,63376,63377,63432,63433,63434,63436,63484,63485,63487,63488,63489,63507,63512,63557,63558,63559,63560,63571,63572,63575,63578,63579"
16178,"63314,63315,63316,63317,63318,63319,63324,63325,63326,63327,63328,63343,63344,63345,63346,63361,63362,63363,63364,63365,63366,63375,63376,63377,63378,63379,63380,63391,63392,63393,63394,63395,63403,63404,63405,63406,63407,63408,63424,63425,63426,63427,63428,63432,63433,63437,63444,63445,63446,63447,63448,63484,63485,63486,63487,63489,63507,63526,63527,63528,63529,63531,63532,63533,63534,63535,63536,63543,63546,63547,63557,63558,63559,63560,63571,63572,63573,63575,63576"
10793,"63307,63314,63315,63316,63324,63327,63328"
18423,63294
8526,"63293,63302,63307,63314,63316,63377,63378,63379,63380,63403,63404,63405,63406"
15461,"63283,63285,63318,63319"
9329,"63283,63284,63285"
11931,"63282,63284,63285,63289,63375,63376,63377,63378,63379,63380,63391,63392,63393,63394,63395,63403,63404,63405,63406,63407,63408,63424,63425,63426,63427,63428,63432,63484,63485,63486"
8581,"63271,63284,63285,63433,63434,63435,63436,63437,63444,63445,63446,63447,63448,63461,63462,63463,63464,63470,63471,63472,63476,63477,63487"
21466,"63266,63267,63293,63294,63298,63299,63300,63301,63302,63303,63307,63314,63315,63316,63317,63318,63319,63324,63325,63326,63327,63328,63343,63344,63345,63346,63361,63362,63379,63380,63509"
20363,"63262,63284"
16203,"63258,63262,63268,63269,63270,63294,63526,63527,63528,63529,63543,63544,63545"
11893,"63256,63257,63268,63269,63270,63282,63283,63284,63285,63289,63290,63291,63298,63299,63302,63303,63344,63365,63432,63433,63435,63437,63444,63445,63446,63448,63462,63463,63464,63465,63472,63476,63477,63478,63479,63484,63485,63486,63487,63508,63509"
9323,63240
8954,"63240,63270,63271,63283"
12514,"63216,63222,63223,63224,63225,63262,63268,63269,63270,63271,63282,63283,63284,63285,63290,63292,63293,63294,63298,63301,63303,63307,63403,63404,63405,63406,63407,63408,63425,63426,63427,63428,63432,63433,63434,63436,63437,63444,63445,63446,63447,63448,63461,63462,63464,63465,63470,63471,63472,63476,63477,63478,63479,63484,63485,63486,63489,63508,63509,63510,63600,63605,63613,63687"
13418,"63211,63212,63213,63214,63215,63216,63220,63221,63222,63223,63224,63225,63237,63238,63239,63240,63256,63257,63258,63262,63266,63271,63282,63283,63284,63285,63289,63290,63291,63292,63293,63298,63299,63300,63301,63302,63303,63307,63314,63315,63316,63317,63318,63319,63324,63325,63326,63327,63328,63343,63344,63345,63346,63361,63362,63363,63364,63365,63366,63375,63376,63377,63378,63379,63380,63391,63392,63393,63394,63395,63403,63404,63405,63406,63407,63408,63424,63425,63426,63427,63428,63432,63434,63435,63436,63437,63444,63445,63446,63447,63448,63461,63462,63463,63464,63465,63484,63485,63486,63487,63507,63508,63509,63510,63511,63512,63534,63535,63536,63543,63544,63545,63546,63547,63577,63578,63579"
19316,"63204,63205,63211,63212,63213,63214,63215,63216"
13340,"63202,63205,63267,63268,63269,63270,63271,63283,63289,63290,63291,63292,63293,63294,63299,63300,63301,63302,63303,63317,63318,63319,63345,63346,63361,63362,63364,63365,63366,63376,63391,63392,63393,63394,63395,63403,63404,63405,63406,63407,63408,63428,63432,63433,63434,63435,63436,63437,63444,63445,63446,63447,63448,63461,63462,63463,63464,63465,63470,63471,63472,63476,63477,63478,63479,63484,63486,63508,63598,63599,63600,63605,63609,63610,63663,63664,63665,63666,63667"
19478,"63200,63201,63202,63203,63204,63268,63269,63270,63282"
10809,"63200,63201,63202"
9163,"63192,63193,63203,63204,63205,63211,63212,63213,63214,63215,63216,63220,63221,63222,63223,63224,63225,63237,63238,63239,63240,63256,63257,63258,63262,63266,63267,63268,63269,63270,63271,63282,63283,63284,63285,63289,63290,63291,63292,63293,63294,63298,63299,63300,63301,63302,63303,63307,63314,63315,63316,63317,63318,63319,63324,63325,63326,63327,63328,63343,63344,63345,63346,63361,63362,63363,63364,63375,63376,63377,63378,63379,63380,63403,63404,63405,63406,63407,63408,63424,63425,63426,63427,63428,63437,63444,63445,63447,63448,63461,63462,63463,63464,63465,63509,63510,63511,63561,63562,63573,63575,63576"
21550,"63175,63176,63177,63178"
19327,"63175,63176,63177,63178,63189,63190,63191,63192,63193,63194,63200,63201,63202,63203,63204,63205,63220,63221,63222,63223,63224,63225,63237,63238,63239,63256,63257,63314,63315,63316,63317,63318,63319,63324,63325,63326,63328,63343,63344,63346,63361,63362,63363,63364,63365,63366,63375"
16260,"63174,63175,63176,63177,63178,63189,63190,63191,63194,63200,63201,63202,63205,63221,63238,63258,63262,63266,63299,63300,63433"
8990,"63174,63175,63190"
17025,"63167,63191,63192,63200,63201,63202,63203,63204,63205,63211,63212,63213,63214,63215,63220,63221,63222,63223,63224,63225,63237,63238,63239,63256,63282,63315,63317,63324,63325,63326,63327,63328,63375,63376"
22442,"63166,63167,63240,63256,63257,63258,63266,63267,63268,63269,63270,63271,63282,63283,63284,63285,63289,63290,63291,63292,63403,63424,63425,63426,63427,63435"
8962,"63166,63167"
20105,"63165,63167,63178"
9208,"63163,63164,63174,63175,63176,63177,63178,63189,63190,63191,63192,63193,63194,63200,63201,63211,63212,63213,63214,63215,63216,63220,63221,63222,63223,63224,63225,63237,63238,63239,63240,63256,63257,63258,63262,63291,63292,63293,63294"
12486,"63148,63149,63201,63202,63203,63204,63205,63211,63212,63213,63214,63215,63216,63220,63237,63238,63239,63240,63314,63315,63316,63343,63344,63391,63392,63393,63394,63395,63404,63405,63406,63407,63408,63424,63425,63426,63432,63434,63435,63436,63437,63444,63445,63446,63447,63448,63461,63462,63463,63464,63465"
22520,"63147,63149,63163,63164,63165,63166,63167,63174,63176,63189,63190,63191,63192,63193,63194,63266,63267,63289,63290"
20345,"63147,63148,63149,63163,63164,63165,63166,63167"
13399,"63146,63147,63212,63213,63214,63215,63216,63220,63221,63222,63223,63224,63225,63237,63238,63239,63240,63257,63258,63262,63266,63267,63268,63269,63270,63271,63282,63283,63284,63285,63289,63290,63291,63292,63293,63298,63299,63300,63301,63302,63303,63307,63403,63404,63405,63406,63407,63408,63424,63425,63426,63427,63428,63432,63433,63434,63435,63436,63437,63470,63471,63472,63484,63485,63486,63487,63488,63489,63507,63508,63509,63510,63512,63526,63527,63531,63532,63533,63534,63535,63536,63544,63545,63546,63547,63557,63558,63559,63560,63561,63562,63571,63572,63573,63575,63576,63577,63578,63579,63598,63600,63609,63610,63611,63612,63613,63614,63646,63647,63648,63649,63650,63651,63663,63664,63665,63666,63667"
16318,"63126,63127,63128,63129,63130,63137,63138,63139,63140"
14159,"63125,63126,63127,63128,63129,63136,63138,63145,63163,63165,63192,63193,63194,63203,63215,63216,63221,63222,63223,63224,63225,63237,63238,63239,63240,63266,63267,63271,63289,63294"
14106,"63111,63112,63113,63117,63118,63120,63121,63165,63166"
19469,"63092,63093,63105,63106,63108,63109,63110,63111,63149,63193,63194,63200,63201,63202,63203,63204,63205,63211,63212,63213,63214"
9103,"63092,63093,63107,63120,63121"
18256,"63090,63091,63092,63093,63105,63109,63110,63112,63117,63118,63119,63120,63125,63126,63127,63128,63129,63130,63137,63141,63144,63146,63148,63149,63163,63164,63174,63175,63176,63177,63189,63190,63191,63200,63203,63204,63211,63212,63213,63214,63220,63270,63271,63282,63291,63292"
16271,"63089,63090,63091,63092,63093,63105,63106,63107,63108"
22498,"63088,63089,63090,63091,63107,63144,63145,63147,63148,63149,63164,63211"
13463,"63084,63085,63086,63087,63088,63089,63090,63091,63092,63093,63105,63106,63107,63108,63109,63110,63111,63112,63113,63117,63118,63119,63120,63121,63125,63126,63127,63128,63129,63130,63136,63137,63138,63139,63140,63141,63144,63145,63146,63147,63148,63149,63163,63164,63165,63166,63167,63174,63175,63176,63177,63178,63189,63190,63191,63192,63193,63194"
15468,"63077,63078,63118,63119"
14336,"63074,63075,63076,63077,63078"
21494,"63071,63200,63201,63202,63203,63204,63205,63211,63212,63213,63214,63215,63216,63220,63221,63222,63223,63224,63225,63237,63238,63239,63256,63257,63258,63262,63290,63291,63292,63298,63299,63300,63301,63302,63303,63307,63314,63315,63316,63317,63318,63319,63324,63325,63326,63327,63328,63343,63344,63345,63346,63361,63362,63363,63364,63365,63366"
22462,"63062,63063,63064,63065,63072,63113,63117,63118,63119,63125,63130,63136,63137,63138,63139,63140,63166,63167,63174,63175,63176,63177,63178,63189,63190,63191,63192,63193,63194,63200,63201,63202,63203,63204,63205,63211,63212,63213,63214,63215,63216,63220,63221,63222,63223,63224,63225,63237,63239,63240,63256,63257,63258,63266,63267,63268,63269,63289,63290,63291,63292,63293,63294,63298,63300,63301,63302,63303,63307,63314,63315,63316,63317,63319,63324,63325,63326,63327,63328,63343,63344,63345,63346,63361,63362,63363,63364,63375,63376,63377"
16262,"63061,63062,63063,63064,63065,63071,63072,63073,63074,63075,63077,63086,63136,63141,63144,63145,63147"
20182,"63060,63061,63071,63072,63073"
16370,"63060,63061,63062,63063,63065,63071,63072,63073,63074,63075,63076,63077,63078,63084,63085,63086,63087,63112,63113,63136,63137"
11870,"63044,63089,63090,63091,63092,63093,63105,63106,63107,63117,63118,63119,63120,63121,63125,63126,63127,63128,63129,63130,63136,63137,63138,63140,63141,63144,63145,63146"
22292,"63042,63043,63044,63073,63166"
14024,"63040,63041,63064,63065,63071,63072,63088,63148"
10824,"63033,63034,63089,63090"
18625,"63026,63033,63034"
12854,"63026,63033,63034,63035,63042,63043,63060,63061,63062,63064,63065,63071,63077,63078,63087,63089,63090,63091,63092,63093,63105,63106,63107,63108,63109,63110,63111,63112,63113,63117,63119,63120,63121,63125,63126,63127,63128,63129,63130,63136,63137,63139,63140,63141,63144,63145,63146,63148,63174,63177,63178,63189,63298,63299,63300,63301,63302,63303,63307"
18557,"63016,63018,63023,63033,63089,63090,63091,63093,63105,63106,63107,63117,63118,63119,63121,63164,63165,63378,63379,63380,63391,63392,63393,63394,63395"
15917,"63008,63009,63017,63018,63023,63024,63025,63026,63027,63033,63034,63035,63039,63040,63041,63042,63043,63044,63060,63061,63062,63063,63064,63065,63072,63073,63074,63075,63076,63077,63078,63084,63085,63086,63087,63088,63089,63090,63091,63092,63093,63105,63106,63107,63108,63109,63110,63111,63112,63113,63117,63118,63119,63120,63121,63125,63126,63127,63128,63129,63130,63136,63137,63138,63139,63140,63141,63144,63145,63146,63147,63148,63149,63163,63164,63165,63166,63167,63174,63175,63176,63177,63178,63189,63190,63191,63192,63193,63194,63266,63267,63268,63269,63293,63294"
8566,"63008,63009,63044,63084,63087,63088,63089,63091,63092,63093,63105,63106,63107,63108,63109,63110,63111,63112,63113,63119,63120,63121,63126,63127,63128,63129,63130,63137,63139,63140,63141,63144,63145,63146"
14227,"63004,63005,63006,63007,63014,63035,63075"
8535,"62995,63005,63006,63009,63023,63073,63074,63075,63076,63089,63090,63091,63105,63106,63107,63108,63109,63110,63111,63112,63113,63117,63118,63119,63120,63121,63125,63126,63127,63128,63129,63130,63136,63138,63139,63140,63141,63144,63145,63146,63147,63167,63174,63175,63176,63177,63178,63189,63190,63191"
22149,"62993,62994,63008,63009,63024,63025,63026,63027,63033,63034,63035,63039,63041,63042,63043,63044,63060,63062,63063,63064,63065,63071,63072,63073,63078,63087,63088,63089,63090,63092,63093,63105,63106,63110,63111,63112,63113,63117,63118,63120,63121,63125,63126,63127,63128,63129,63130,63136,63138,63139,63140,63141,63144,63145,63146,63147,63148,63149,63163,63164,63165,63166,63167,63174,63175,63176,63177,63178,63189,63190,63191,63192,63193,63194,63256,63257,63258,63262,63267,63298,63299,63300,63301,63302,63303,63307"
11914,"62992,62993,62994,62995,63004,63005,63007,63008,63009,63014,63015,63016,63017,63018,63023,63027,63033,63034,63035,63039,63040,63041,63042,63043,63044,63060,63061,63062,63063,63064,63065,63071,63072,63073,63074,63075,63076,63077,63078,63084,63085,63086,63087,63088"
17018,"62991,62992,62993,62994,63006,63007,63024,63027,63035"
14189,"62982,62983,62988,62989,62990,62991,62992,62993,62994,62995,63004,63007,63008,63009,63023"
9252,"62980,62982,62983,62985,62986,62987,62988,62990,62991,63005,63006,63014,63015,63016,63017,63024,63025,63026,63027,63033,63034,63035,63039,63040,63041,63042"
20282,"62978,62981,62993,62994,62995,63004,63005,63006,63007,63015,63016,63017,63018,63023,63024,63025,63026,63027,63034,63035,63039,63040,63041,63043,63044,63060,63061,63062,63063,63064,63065,63076,63078,63084,63085,63086,63087,63088,63108,63109,63110,63111,63146,63147,63148,63149,63163,63164,63166"
18405,62961
21533,"62957,62958,62959,62960,62961"
19494,"62950,62977,62978,62979,62980"
10679,"62950,62951,62960,62977,62981"
13365,"62948,62949,63074,63075,63076,63077,63084,63085,63086,63091,63092,63106,63107,63108,63109"
9187,"62947,62949,62950,62951,62957,62958,62959,62960,62961,62977,62978,62980,62981,62983,62984,62985,62986,62987,62988,62989,62992,62993,62994,62995,63004,63006,63008,63014,63015,63016,63017,63018,63023,63024,63025,63039,63040,63041,63042,63043,63044,63060,63061,63062,63063,63064,63074,63075,63076,63084,63085,63108,63109,63110,63111,63112,63113,63117,63118,63119,63120,63121,63125,63192,63193,63194,63200,63201,63202,63203,63204,63205,63215,63216,63220,63221,63222,63223,63224,63225,63237,63238,63239,63240,63256,63257,63258,63262,63266,63267,63268,63269,63270,63271,63282,63283,63284,63285,63289,63290,63291,63292,63293,63294,63298,63299,63300,63301"
18616,"62940,62941,62942,62943,62950,62951,62957,62958,62959,62960,63074,63076,63077,63078,63085"
15547,"62940,62984,62985,62986,62987,62988,62989,62990,62991,62992,63014,63015,63016,63017,63018"
9095,"62940,62941"
22469,"62939,62940,62941,62942,62943,63071"
9142,"62932,62933,62939,62940,62941,62942,62943"
20126,"62931,62932,62933,62939,62947,62948,63039,63040,63041,63042,63043,63044"
12490,"62929,62930,62933,62942,62943,62948,62949,62950,62979,62980,62983,62984,62985,62986,62987,62988,62989,62990,62995,63004,63005,63014,63015,63016,63017,63018,63023,63024,63025,63026,63027,63033,63034,63035,63039,63040,63041,63042,63043,63044,63060,63061,63062,63063,63064,63065,63071,63072,63073,63074,63075,63076,63077,63078,63084,63085,63086,63087,63088,63125,63126,63127,63128,63129,63130,63136,63138,63139,63141,63144,63145,63146,63147,63148,63149,63163,63165"
20222,"62921,62922,62924,62925,62927,62928"
16205,"62920,62926,62927,62928,62939,62940,62941,62979,62980,62981"
20376,"62917,62918,62929,62930,62931,62932,62939,62940"
10763,"62917,62920,62922,62923,62926,62947,62948"
18411,"62904,62905,62899,62900,62916,62917,62918,62919,62920,62921,62923,62926,62927,62928,62941,62942,62943,62948,62949,62950,62951,62957,62958,62959,62960,62961,62978,62979,62981,62982,62988,62989,62990,63040,63086,63087,63088"
17032,"62904,62905,62899,62900,62916,62917"
15910,"62902,62903,62904,62905,62899,62900,62919,62920,62921,62926,62927,62928,62939,62940,62941,62942,62943,62984,62987,62989,62990,62992,63024,63025,63039,63040,63041,63042,63043"
20236,"62901,62902,62903,62904,62905"
22405,"62898,62900"
19503,"62898,62904,62982,62983,62988,62989,62990,62991,62993,63007"
9249,"62898,62901"
12848,"62896,62897,62947,62949"
17130,"62893,62894,62895,62896,62897,62898,62901,62902,62903,62918,62919,62920,62923,62926,62961,62989,62995,63004,63005,63006,63007"
18393,"62881,62882"
22276,"62878,62879,62880"
8982,"62878,62898,62901,62902,62903,62904,62905,62899,62900,62951,62957,62958,62959,62960,62977,62978,62979,62980,62981,62982,62983,62984,62985,62986,62987,62994,62995,63023"
8513,"62873,62874,62875,62876,62877,62881,62882,62893,62895,62896,62897,62898,62901,62902,62903,62904,62905,62899,62900,62916,62917,62918,62920,62925,62929,62930,62947,62957,62958,62959,62961,62983,62984,62985,62986,62988,62989,62990,62991"
19372,"62862,62863"
18640,"62862,62863,62864,62873,62874,62875,62876,62877,62878,62881,62882,62893,62894,62895,62896,62897,62898,62901,62902,62903,62899,62900,62916,62919,62921,62922,62923,62924"
21485,"62860,62861,62949"
14273,"62860,62861"
13446,"62860,62861,62864,62882"
17111,"62854,62858,62859,62862,62863,62939,62942,62943,62950"
20436,"62852,62854,62858,62859,62862,62863,62864,62873,62874,62875,62876"
20406,"62843,62864,62876,62877,62878,62879,62880,62881,62893,62894,62895,62896,62897"
15385,"62843,62863,62864,62873,62874,62875,62876,62877,62878,62879,62880,62881,62893,62894,62920,62924,62925,62926,62927,62928,62979,62993,62995,63004,63005,63006,63007,63025,63026,63027,63039,63040,63041,63042,63043,63044,63060,63061,63062,63063,63064,63065,63071,63072,63073,63074,63075,63076,63077,63078,63084,63085,63086,63087,63088,63108,63109,63110,63111,63112,63113"
11886,"62843,62852,62854,62858,62859,62863,62864,62873,62874,62875,62876,62877,62878,62879,62880,62881,62882,62893,62894,62895,62896,62897,62898,62901,62902,62903,62904,62905,62899,62900,62916,62917,62918,62919,62920,62921,62922,62923,62924,62925,62926,62927,62928,62929,62930,62931,62932,62933,62947,62948,62949,62950,62951,62957,62958,62959,62960,62961,62977,62978,63026,63027"
17037,"62842,62844,62850,62852,62860,62861"
20255,"62840,62841,62842,62863,62864,62873,62874,62875,62876,62877,62878,62879,62880,62882,62893,62898,62901,62902,62903,62905,62899,62900,62939,62940,62941,62942,62943,62957,62958,62959,62960,62961,62977,62978,62979,62980,62981,62982,62983,62984,62985,62986,62987,62988,62989,62990,62991,63084,63085,63086"
19384,62827
20237,"62826,62827,62828"
18248,"62813,62814"
19386,"62811,62812,62813,62814,62815,62820,62821,62822,62823,62824,62825,62826,62827,62828,62829,62840,62841,62843,62844,62850,62851,62853,62854,62858,62859,62898,62901,62902,62903,62904,62905,62899,62900,62931"
21548,"62795,62796,62918,62919,62921,62922,62923,62924,62925,62926,62927,62928,62929,62930,62931,62932,62939,62940,62941,62942,62943,62947,62948,62949,62950,62951,62957,62958,62959,62960,62961,62977,62978,62979,62980,62981,62982,62983,62984,62985,62986,62987,62991,62992,62994,63008,63009,63014,63015,63137,63138,63139,63140"
9014,"62794,62795,62860,62861,62862,62863,62864,62873,62874,62875,62876,62877,62879,62880,62881,62882,62893,62894,62895,62896,62897,62898,62901,62902,62903,62904,62905,62899,62916,62917,62918,62920,62921,62922,62923,62924,62925,62926,62927,62928,62929,62930,62931,62932,62933,62939,62947,62948,62949,62950,62951,62957,62958,62959,62960,62961,62977,62979,62980,62981,62982,62983,62984,62985,62986,62987,62991,62992,63004,63005,63006,63007,63008,63009,63014,63015,63016,63017,63018,63024,63025,63026"
10846,"62777,62778,62779,62780,62781,62787,62788,62796,62811,62812,62813,62814,62815,62820,62821,62822,62823,62824,62825,62826,62827,62828,62829,62840,62841,62842,62844,62850,62851,62852,62853,62854,62858,62859,62860,62861,62862,62863,62864,62873,62874,62875,62876,62877,62878,62879,62880,62881,62882,62893,62894,62895,62897,62916,62917,62918,62920,62921,62922,62923,62924,62925,62926,62927,62928,62929,62930,62941,62942,62943,62947,62948,62951,62977,62978,62979,62980,62981,62982,62984,62985,62986,62987,62988,62989,62990,62991,62992,62993,62994,63008,63009,63014,63015,63016,63017,63018,63023,63024,63025,63027,63033,63034,63035,63060,63061,63063,63072,63073,63137,63138,63139,63140,63141"
8545,"62777,62929"
21644,"62776,62777,62778,62779,62780,62781,62787,62788,62794,62796,62815,62820,62824,62853,62854,62858,62859"
16324,"62776,62797,62821,62822,62823,62824,62828,62829,62840,62841,62842,62850,62851"
18435,"62775,62877,62878,62879,62880,62881,62882,62930,62931,62932,62933,62939,62940,62941,62942,62943,62947,62948,62949,62950,62951,62957,62958,62959,62960,62961,62977,62978,62979,62980,62981,62982,62983,62984,62985,62986,62987,62988,62990,62991,62992,62993,62994,63014,63015,63016"
16961,"62775,62776"
8554,"62774,62778,62779,62780,62781,62787,62788,62794,62811"
18400,62769
17114,"62768,62811,62860,62861,62862,62873,62877,62879,62880"
16331,"62739,62740,62761,62762,62768,62769,62770,62771,62772,62796,62797,62798,62811,62813,62814,62815,62824,62825,62828,62829,62840,62841,62842,62843,62844,62850,62851,62852,62853,62858,62859,62894,62895,62897,62901,62902,62903,62904,62905,62899,62900,62916,62917,62919,62931,62932,62933,63017,63018"
21600,"62737,62738,62739,62740,62762,62768,62771,62772,62795,62812,62813,62825,62826,62827,62828,62829,62840,62841,62842,62843,62844,62852,62853,62854,62858,62859,62860,62861,62862,62863,62864,62873,62874,62875,62876,62877,62878,62879,62880,62881,62882,62893,62894,62895,62896,62916,62917,62918,62919,62921,62922,62923,62924,62925,62927,62928,62929,62930,62931,62932,62933,62947,62948,62949,62951,62977,62978"
18569,"62727,62728,62729"
16235,"62726,62727"
20317,"62725,62726,62727,62728,62729,62771,62798"
19405,"62725,62726,62727,62728,62729"
15866,"62725,62726,62727,62758,62759,62794,62795,62796"
14282,"62725,62726,62727,62728"
10668,"62725,62729"
16956,"62723,62724,62737,62738,62739,62740,62758,62762,62768,62769,62770,62771,62772,62773,62774,62775,62776,62777,62778,62779,62780,62781,62787,62788,62794,62795,62796,62797,62798,62811,62812,62813,62814,62815,62820,62821,62822,62823,62824,62825,62826,62827,62828,62829,62840,62841,62842,62843,62844,62850,62851,62852,62853,62854,62858,62859,62860,62861,62862,62873,62874,62875,62894,62895,62896,62897"
16360,"62723,62724,62725,62726,62728,62729,62797"
9210,"62723,62724"
13434,"62722,62726,62727,62728,62729,62737,62738,62739,62740,62758,62759,62760,62761,62762,62768,62769,62770,62771,62772,62774,62775,62776,62778,62781,62787,62788,62794,62795,62796,62797,62798,62811,62812,62826,62827,62828,62829,62840,62841,62842,62843,62850,62851,62852,62853,62854,62858,62859,62916,62917,62918,62919,62922,62924,62925,62992,62993,62994,62995,63004,63005,63006,63007,63008,63009,63014,63015,63016,63017,63018,63023,63024,63025,63026,63027,63033,63034,63035,63039"
22340,"62720,62721,62722,62723,62724,62740,62759,62760,62761,62768,62769,62770,62771,62772,62798,62811,62812,62843,62844,62851,62853,62858,62859"
20341,"62718,62721,62722,62725,62726,62727,62728,62729,62759,62768,62769,62770,62771,62773,62774,62775,62776,62777,62778,62779,62780,62781,62787,62788,62794,62795,62797,62798,62812,62814,62815,62820,62821,62822,62823,62825,62826,62827,62843,62844,62850,62851,62852,62853,62860,62861,62864,62874,62875,62876,62878,62879,62880,62881,62882,62893,62894,62896,62897,62916,62918,62919,62921,62922,62923,62924,62925,62929,62933,62982"
21464,"62716,62717,62718,62719,62720,62721,62722,62723,62724,62725,62726,62727,62728,62729,62758,62773"
22319,"62715,62716"
20159,"62712,62716,62717,62719,62739,62740,62774,62775,62814,62815,62828,62829,62919,62920,62921,62922,62923,62924,62925,62926,62927,62928"
16978,"62712,62713,62797"
14213,"62712,62723,62728,62729"
20115,"62711,62724,62725,62930,62931,62932,62933"
15399,"62711,62797,62813,62820,62821,62822,62823,62824,62825"
18426,"62710,62711,62714,62715,62719,62862,62863"
11910,"62709,62710"
9079,"62709,62710"
15464,"62702,62895"
10754,"62702,62714,62798,62825,62826,62862,62896,62929,62930,62931,62932,62933,62995,63004,63005,63006,63007,63008,63009,63163,63164,63165"
22381,62700
8944,"62700,62701,62702,62703,62709,62712,62713,62714,62715,62717,62718,62719,62720,62723,62758,62759,62760,62761,62762,62768,62769,62770,62771,62772,62773,62774,62775,62777,62778,62779,62780,62781,62787,62788,62794,62795,62796,62797,62798,62811,62812,62813,62814,62820,62821,62822,62823,62824,62825,62826,62827,62829,62840,62841,62842,62844,62850,62851,62852,62853,62854"
20198,"62695,62702,62703,62709,62711,62712,62713,62714,62715,62716,62717,62718,62719,62720,62721,62722,62737,62738,62758,62760,62761,62773,62774,62776,62777,62787,62788"
16891,"62695,62696,62697,62698,62699,62700,62701"
15495,"62695,62696,62697,62698,62699,62710,62711,62737,62738"
22329,"62689,62695,62696,62697,62698,62699,62701,62725,62726,62727,62728,62729,62737,62738,62739"
11883,"62689,62711,62712,62713,62714"
12517,62687
10864,"62687,62688,62689,62696,62697,62698,62699"
10850,62686
22288,"62682,62710,62720,62721,62758,62759,62760,62770,62772,62773,62774,62775,62776,62778,62779,62780,62781,62787,62788,62794,62795,62797,62812,62820,62821,62822,62823,62826"
13476,"62682,62698,62699"
21579,"62681,62683,62684"
20221,"62681,62682"
18548,"62681,62683,62684"
16172,"62681,62682,62683,62684,62685,62686,62688,62703,62709,62722,62724,62737,62738,62739,62740,62760,62761,62762,62769,62770,62771,62772,62773,62798,62811,62812,62813,62814,62815,62820,62821,62822,62823,62824,62825,62827,62828,62829,62840,62841,62842,62844,62850,62851,62852,62854"
9239,62681
19423,"62675,62681,62682,62683,62684,62701,62725,62726,62727,62728,62729"
14286,"62675,62681,62682,62683,62684"
23534,"62674,62685,62687,62689,62698,62699,62700,62701"
9331,"62674,62682"
13381,"62673,62675,62695,62696,62697,62698,62699,62701"
10862,"62673,62674,62675,62681,62682,62683,62684,62688"
18572,62672
16921,62671
11918,"62671,62686,62687,62709"
10792,62671
20270,"62664,62666,62669,62670"
12543,"62664,62666,62667,62668,62669,62670,62671,62672,62673,62674,62675,62681,62682,62683,62684,62685,62686,62687,62688,62689,62695,62696,62697,62700,62701,62702,62703,62709,62710,62711,62713,62714,62715,62716,62717,62718,62719,62720,62721,62722,62737,62738,62739,62740,62758,62759,62760,62761,62762,62768,62769,62770,62772,62773,62774,62775,62776,62778,62779,62780,62781,62787,62788,62794,62795,62796,62811,62812,62813,62814,62815,62820,62821,62822,62823,62824,62825,62826,62827,62828,62829,62840,62841,62842,62843,62844,62850,62851,62853,62860,62861"
18561,"62663,62670,62687,62688"
20213,62662
15381,"62662,62663,62665,62666,62667,62668,62669,62670,62681,62682,62683,62684,62720,62721,62722,62739,62740,62798"
9057,"62662,62663,62664,62665,62666,62667,62668,62669,62670,62671,62672,62685,62686,62687,62688,62689,62695,62696,62697,62698,62699,62700,62703,62710,62711,62712,62713,62714,62715,62716,62717,62718,62719,62720,62721,62722,62723,62724,62737,62738,62739,62740,62758,62759,62760,62761,62762,62774,62775,62777,62796"
18255,62660
10812,"62658,62659,62675"
18504,"62657,62660"
23521,"62653,62665,62666,62667,62668,62669,62670,62671,62672,62673,62674,62675,62685,62686,62687,62688,62689,62709,62710,62711"
22434,"62653,62655,62656"
13357,"62653,62654,62655,62656,62657,62662,62663,62665"
22496,"62652,62658,62659,62660"
18619,62651
22536,"62649,62650,62651,62654,62655,62657,62658,62659,62660,62662,62663,62665,62666,62667,62668,62669,62670,62672,62673,62674,62675,62686,62695,62696,62697,62703,62712,62713,62714,62715,62716,62717,62718,62719"
20201,62649
12492,"62649,62650,62651,62652,62653,62654,62655,62656,62657,62664,62665,62666,62667,62668,62669,62670,62671,62672,62673,62674,62685,62686,62687,62688,62689,62700,62701,62702,62703,62709,62710,62760,62761,62762,62773,62777,62778,62779,62780"
22322,"62648,62662,62663,62664,62665,62666,62667,62668,62669,62670,62671,62672,62673,62674,62675,62685,62686,62687,62688,62695,62696,62697,62698,62699,62700,62702,62710,62711,62713,62714,62715,62716,62717,62718,62813,62814,62815"
16942,62648
10777,"62648,62649,62650,62651,62652,62658,62659,62660,62662,62663,62664,62665,62666,62667,62668,62669,62670,62671,62672,62673,62674,62675,62685,62686,62687,62688,62689,62695,62696,62697,62698,62699,62700,62701,62702,62703,62712,62713,62715,62716,62717,62718,62719,62720,62721,62723,62724,62737,62738,62758,62759,62760,62761,62762,62768,62769,62770,62771,62772,62773,62774,62775,62776,62777,62779,62780,62781,62794,62795,62796,62797,62798,62815,62820,62821,62822,62823,62824"
22357,"62647,62650"
18433,62646
14334,"62646,62647,62648,62649,62650,62652,62654,62655,62656,62657,62658,62659,62660,62662,62663,62664,62665,62666,62667,62668,62669,62671,62672,62673,62674,62675,62683,62684,62685,62686,62688,62689,62695,62696,62697,62698,62699,62700,62701,62702,62703,62709,62710,62712,62713,62714,62715,62716,62717,62718,62719,62720,62721,62722,62723,62724,62737,62738,62739,62740,62758,62759,62760,62761,62762,62768,62769,62770,62771,62772,62773,62776,62777,62778,62779,62780,62781,62787,62788"
13416,"62639,62646,62648,62664"
12845,"62639,62640,62664,62669"
12800,"62639,62640,62641,62642,62659"
13379,"62638,62639,62658"
19349,62632
10745,62632
20238,"62630,62631"
20200,"62630,62640,62642,62643"
14041,"62630,62638,62639,62641,62642,62643,62644,62645,62646,62647,62648,62651,62652,62658,62659,62660,62662,62663,62668,62681,62683,62684,62685"
8983,"62630,62631"
17044,62628
21565,"62625,62626,62627"
20231,"62624,62625,62626,62627,62647"
18396,"62624,62625,62626,62627"
15379,"62624,62625,62626,62627,62628"
14249,"62624,62625,62626,62627,62629"
14240,"62624,62626,62627,62671,62672,62673,62689,62700,62701,62702,62703,62709,62711"
15841,"62622,62660"
14265,"62621,62622"
12812,"62619,62620,62624,62627,62644,62645,62649,62650,62651,62652,62653,62654,62655,62656,62657"
16265,62617
22173,"62616,62617,62653,62654,62655,62656,62657"
17045,"62616,62617,62618,62630,62632,62638"
16903,62615
9000,"62615,62616,62617,62618,62640,62641,62642,62643,62644,62645,62646,62647,62648,62649,62650,62651,62672,62673,62674,62685"
16195,"62614,62615,62616,62617,62618,62629,62638,62664"
22283,"62613,62614,62615,62616,62617,62618,62619,62620,62621,62622,62623"
17050,"62609,62612,62619,62622,62629"
32224,"62606,62607,62619,62662,62663,62664"
9181,"62605,62607,62612,62620,62622,62623,62628,62630,62631,62632,62651,62652,62658,62659,62662"
18475,"62597,62605,62608,62609,62610,62611,62612,62646,62647,62649,62650,62651,62652,62653,62654,62655,62656,62657,62658,62659"
22185,"62596,62597,62606,62608,62609,62610,62611,62613,62614,62616,62617,62618,62619,62620,62621,62622,62623,62628,62629,62630,62631,62638,62639,62640,62641,62642,62643,62644,62645,62646,62649,62650,62651,62652,62653,62654,62655,62656,62657,62658"
9255,"62596,62597,62605,62611,62612,62647,62702,62703,62712,62713,62714,62715,62716,62717,62718,62719,62720,62721,62722,62723,62724,62759"
8960,"62595,62596,62615,62618,62631,62632"
8567,62595
16249,62593
12814,"62593,62594,62625,62629"
13386,"62583,62647,62648,62653,62654,62656,62659,62660"
8515,"62581,62595,62596,62597,62606,62607,62608,62609,62610,62611,62612,62613,62621,62623,62638,62639,62640,62641,62642,62643,62644,62645,62682,62683,62684"
21568,"62578,62616,62617,62618"
22192,"62576,62577,62578,62579,62590,62591,62592,62593,62594,62595,62605,62606,62607,62608,62610,62611,62612,62640,62641,62642,62643,62644,62645,62646,62663,62665,62667"
10643,"62576,62577,62578,62579"
22526,"62572,62573,62574,62575,62639,62640,62641,62643,62645"
21614,"62572,62590,62591,62592,62593,62594,62613,62615,62638"
18021,"62572,62573,62574,62575,62583,62615,62616,62617,62618,62628,62629,62630,62632,62660"
13373,"62572,62573,62574,62575"
10817,"62572,62573,62574,62575"
8524,"62572,62573,62574,62575,62592"
10739,"62571,62614,62615,62616,62617,62618,62621,62623"
8532,"62571,62576,62577,62578,62579,62595,62596,62597,62605,62606,62607,62608,62609,62610,62611,62612,62613,62614,62615,62619,62620,62621,62622,62623,62624,62625,62626,62627,62628,62629,62630,62632,62641,62642,62643,62644,62645,62646,62647,62648,62649,62650,62653,62654,62655,62656,62657"
9007,"62570,62572,62573,62574,62575"
9184,"62569,62570,62573,62574,62575"
19450,"62568,62580,62581,62595,62605,62613,62614,62628,62631,62632,62638,62639,62641,62642,62643,62644,62646,62647,62648"
18252,"62568,62576,62577,62579"
15882,"62567,62568"
11951,"62567,62572,62573,62574,62575,62581,62582,62583,62584,62595,62596,62597"
16287,"62561,62566,62567,62568,62569,62570,62571,62582,62583,62584,62590,62591,62592,62593,62594,62606,62607,62608,62609,62610,62613,62619,62620,62621,62622,62623,62624,62625,62626,62628,62629,62631,62632,62638,62640,62641,62642,62643,62644,62645,62652"
20251,62559
15481,"62559,62560,62562,62563,62564,62565,62566,62595,62596,62597,62605,62606,62607,62608,62609,62610,62611,62613,62614,62616,62617,62618"
12504,"62558,62560,62616,62618"
11843,"62558,62572,62573,62574,62575"
20339,"62556,62557,62558"
22545,"62554,62555,62556,62557,62558,62570,62571,62578,62579,62584,62590,62591,62592,62593,62594,62606,62607,62608,62609,62610,62611,62612,62614,62615,62620,62621,62622,62623,62624,62625,62626,62627,62628,62629,62630,62631,62632,62638,62644,62645"
20338,"62554,62555,62556,62557"
18488,"62554,62555,62556,62557,62583,62584,62590,62591,62593,62594,62595,62596,62597"
16253,"62554,62572,62573,62574,62575"
14022,"62554,62555,62556,62557,62558,62559,62560,62561,62562,62563,62564,62565,62566,62567,62568,62569,62571,62580,62581,62582,62583,62584,62590,62591,62592,62593,62594,62595,62596,62597,62605,62606,62607,62608,62609,62610,62611,62612,62613,62614,62615,62619,62620,62621,62622,62623,62624,62625,62626,62627,62628,62629,62630,62631,62632,62639,62640,62641,62642,62643,62644,62645,62646,62647,62648,62649,62650,62651,62652,62653,62654,62655,62656,62657,62658,62659,62660,62662,62663,62664,62665,62666,62667,62668,62670"
8576,"62554,62555,62556,62557,62558,62576,62577,62578,62579"
16207,"62550,62553,62559,62561,62562,62563,62564,62565,62566,62567,62568,62569,62580,62582,62584,62597,62606,62607,62608,62609,62610"
19471,"62549,62550,62552"
22420,"62546,62547,62548,62584"
12918,"62544,62546,62555,62556,62557,62558,62559,62560,62561,62569,62570,62571"
16858,62542
13347,"62542,62551,62553,62554,62555,62563,62564,62565,62566,62570,62571,62582,62619,62620"
11946,"62542,62561,62562,62563,62564,62565,62566,62567,62568,62569,62570,62580,62581,62582,62583,62584,62590,62591,62592,62612,62631,62638,62639,62640"
21637,"62540,62541,62542,62543,62545,62580,62582"
22500,"62539,62540,62541"
21462,"62539,62540,62541,62542,62543,62544,62545,62546,62547,62548,62549,62550,62551,62552,62553,62559,62560,62561,62562,62563,62564,62565,62566,62567,62568,62569,62580,62581,62582,62583,62584,62590,62591,62592,62593,62594,62596,62611,62631"
20413,"62539,62540,62541,62542,62543,62544,62545,62546,62547,62548,62549,62550,62551,62552,62553,62554,62555,62556,62557,62558,62559,62560,62561,62562,62563,62564,62565,62567,62568,62569,62570,62571,62580,62582,62583,62584,62596,62597,62605,62606,62607,62608,62609,62610,62611,62612,62613,62614,62619,62620,62621,62623,62628,62629"
15884,"62539,62542,62546,62547,62548,62549,62550,62551,62552"
10705,"62539,62540,62544,62545,62546,62547,62549,62550,62551,62553,62559,62560,62561,62562,62563,62564,62565,62580,62581,62582,62583,62590,62591,62592,62593,62594"
20389,62536
16857,"62535,62536,62537,62538,62541,62551,62613,62614"
20369,"62534,62552,62553,62554,62555,62556,62557,62558,62576,62577"
16893,"62534,62535,62536,62537,62538"
15858,"62534,62535,62536,62537,62538"
13372,"62534,62538,62539,62540,62541,62543,62544,62545,62546,62547,62548"
10666,"62534,62535,62536,62537,62538,62549,62550,62551,62552,62570,62571"
20058,"62530,62534,62535,62536,62537,62538,62542,62543,62544,62548,62576,62577,62578,62579"
18418,62529
14002,"62529,62559"
22408,"62528,62560,62562,62563,62564,62565,62566,62567,62568,62569,62581,62590,62591,62592,62594"
14038,62528
11943,62528
9259,"62528,62529,62530,62534,62535,62537,62538"
13993,"62527,62576,62577,62578,62579"
12523,62527
11963,62527
11898,62527
21634,"62526,62529,62530,62541,62552,62554,62555,62556,62557,62558,62559,62560,62561,62566"
19402,62526
15911,"62526,62527"
15572,"62526,62528,62534,62535,62536,62537,62559,62560"
14254,"62526,62554,62555,62556,62557,62558,62605"
22471,62525
11919,62524
12828,"62523,62524,62525,62529,62530,62534,62535,62536,62537,62538,62539,62540,62567"
16882,"62522,62523,62524,62525"
14284,"62522,62523,62524,62526,62543"
22251,"62521,62524"
19497,"62521,62522,62523,62525,62529,62530,62535,62536,62537,62538"
18428,"62521,62522,62523,62524,62525,62527,62528,62529,62530,62539"
14158,"62521,62522,62523,62524,62525,62526,62527,62539,62540,62541,62542,62543,62544,62545,62546,62547,62548,62549,62550,62551,62552,62553,62561,62562,62563,62564,62565,62566,62567,62568,62569,62570,62576,62577,62578,62579,62580,62581,62590,62591,62592,62593,62594,62619,62620,62621,62622,62624,62625,62626,62627"
21499,"62516,62517,62518,62519,62520,62527,62528,62529,62530"
9152,"62516,62520"
11855,"62389,62390,62395"
22189,"62514,62515"
20240,"62512,62513,62514,62515,62388,62389,62390,62392,62394,62395,62517"
14222,"62512,62513,62515,62392,62394,62521,62530"
16993,"62511,62512,62513,62514,62516,62517,62518,62519,62520,62529,62530,62534,62535,62536,62537,62538,62562"
15892,62511
14135,"62511,62512,62513,62514,62515,62389,62390,62392,62394,62395,62518,62519,62520,62521,62522,62528,62540,62541,62543,62544,62545,62547,62548,62549"
12875,"62511,62512,62513,62514,62515,62388,62389,62390,62392,62394,62395"
11927,"62511,62512,62513,62514,62515,62395,62516,62517,62518,62519,62520,62521,62522,62523,62524,62525,62526,62527,62528,62529,62530,62542,62545"
21609,62505
20393,"62501,62502,62503,62504,62505,62511,62516,62517,62518,62519,62520,62521,62522,62523,62525,62526,62527,62543,62544,62545,62546,62547,62548,62549,62550,62551,62552,62553"
20197,"62501,62502,62503,62504,62505"
16738,"62501,62502,62503"
9280,"62501,62502,62503,62504"
9099,"62501,62502,62503,62504,62505,62516,62517,62518,62519,62520"
22518,"62500,62501,62502,62503,62504,62505,62511,62512,62513,62514,62515,62388,62389,62390,62392,62394,62395,62516,62517,62518,62519,62520,62521,62522,62523,62524,62525,62526,62527,62528,62529,62530,62534,62535,62536,62537,62538,62539,62540,62541,62542,62543,62544,62545,62546,62547,62548,62549,62550,62551,62552,62553,62569,62570,62571,62572,62573,62574,62575,62580,62581,62595,62605,62623"
10669,62500
20130,"62498,62499,62500"
15889,62497
21528,"62496,62501,62502,62503,62504,62505"
14306,"62492,62493,62494"
14225,"62492,62493,62494,62495,62496,62497,62498,62501,62502,62503,62504,62505,62511,62512,62513,62514,62515,62388,62389,62390,62392,62394,62395,62516,62517,62518,62519,62520,62521,62522,62523,62524,62525,62528,62539,62540,62541,62543,62544,62545,62546,62547,62548,62549,62550,62551,62552,62553,62560,62561,62562,62563,62564,62565,62566,62571,62580,62581,62582,62583,62584"
23536,"62491,62495"
14327,"62491,62492,62493,62494,62495,62499,62500"
14042,"62491,62492,62493,62494,62495"
13489,"62491,62492,62493,62494,62495,62497,62511,62512,62513,62514,62515,62576,62577,62578,62579"
15921,"62489,62490"
14081,"62485,62487"
17070,"62484,62485,62486,62487"
16242,"62483,62484,62485,62486,62487"
14104,"62483,62485,62486,62500,62394"
12807,"62483,62484,62485,62486,62487,62491,62492,62493,62495,62501,62502,62503,62504,62505"
10866,"62483,62484,62485,62486,62487,62488,62490,62491,62492,62493,62494,62495"
20316,"62481,62482,62499,62500,62388,62389,62390,62392,62394,62395"
9209,"62481,62482,62498,62388"
22314,62480
11875,"62480,62483,62484,62485,62486,62487,62501,62502,62503,62504,62505"
15908,"62474,62476,62477"
12835,"62474,62475,62491,62492,62493,62494"
19365,"62473,62474,62483,62484,62485,62486,62487,62497,62516,62517,62518,62519,62520"
12881,"62473,62474,62475,62476,62477,62488,62489,62490"
9158,"62473,62475,62476,62477,62478,62479,62480"
8565,"62473,62475,62476,62477,62478,62479,62481,62482,62488,62489"
21457,62468
18397,"62468,62469"
16970,"62463,62464"
13491,"62460,62461,62462,62463,62464,62478"
9203,"62460,62461,62462,62463,62464,62465,62466,62467,62468,62469,62473,62474,62475,62476,62477,62488,62489,62490,62491,62492,62493,62494,62495"
9134,"62460,62461,62462,62463,62464,62480,62483,62484,62485,62486,62487,62488,62489,62490,62491,62496,62499,62504,62505"
8996,"62460,62461,62462,62467,62491,62492,62493,62494,62495,62498,62499,62500,62511,62512,62513,62514,62515,62388,62389,62390,62392,62394,62395,62516,62517,62518,62519"
15534,"62459,62460,62461,62462,62463,62464,62478,62479,62494,62495,62496,62497"
9195,"62458,62459"
23532,"62457,62458"
19299,"62457,62458,62460,62461,62462,62463,62464"
21564,"62456,62459"
16995,62456
15509,"62456,62460,62461,62462,62463,62464,62465,62466,62467,62469,62478,62488,62489,62490,62496,62498,62388,62390"
19376,"62455,62456,62459,62465,62466,62467,62468,62469,62473,62474,62475,62476,62477,62478,62479,62481,62482,62491,62492,62493,62494,62495,62496,62498,62499,62500,62501,62502,62503,62504,62505,62511,62512,62513,62514,62515,62388,62389,62390,62392,62394,62395,62516,62517,62518,62519,62520,62521,62522,62523,62524,62525,62526,62553,62576,62577,62578,62579"
8555,62454
22466,"62453,62454"
22311,"62453,62454,62473,62474,62475,62476,62477,62483,62484,62485,62486,62487,62499,62388,62389"
21636,"62453,62454,62455,62456,62460,62461,62462,62463,62464,62465,62466,62467,62468,62469,62473,62474,62475,62476,62477,62478,62479,62480,62481,62482,62488,62489,62490,62496,62497,62498,62499"
21593,"62439,62440,62441,62453,62454"
17048,"62453,62454,62387,62388,62391"
17031,"62453,62454"
13992,"62453,62454,62479,62480,62483,62484,62485,62486,62487,62497,62392"
10900,"62453,62454"
9136,"62453,62454,62483,62484,62486,62487"
20385,"62448,62449,62450,62451,62452,62455"
16933,"62448,62449,62450,62451,62452"
14220,"62448,62449,62450,62452,62455,62465,62466,62467,62469,62473,62474,62475,62476,62477,62480,62481,62482,62488,62489,62490,62496,62497,62498,62499"
11940,"62448,62449,62450,62451,62452"
22548,"62447,62483,62484"
19331,"62446,62447,62448,62449,62450,62451,62452,62455,62456,62457,62458,62459,62465,62466,62468"
16293,"62445,62446,62447,62456,62457,62458,62459,62460,62461,62462,62463,62464,62465,62466,62467,62468,62469,62473,62474,62475,62476,62477,62478,62479,62480,62481,62482,62488,62489,62490,62496,62497,62498,62499,62500"
21641,62444
14171,"62443,62444"
22534,"62442,62443,62444"
22492,"62423,62424,62425,62442,62443,62444"
17022,62442
14196,"62442,62443,62444"
14119,"62442,62443,62444,62445,62447,62448,62449,62450,62451,62452,62455,62456,62457,62458,62459,62460,62461,62462,62463,62464,62469,62473,62474,62475,62476,62477,62478,62479,62480,62481,62482,62488,62489,62490,62497"
14101,"62442,62443,62444,62453,62454"
12930,"62442,62443,62455,62456,62457,62458,62459,62465,62466,62467,62479,62480,62481,62482,62488,62489,62490,62496,62498,62500,62388,62389,62390,62392,62394,62395"
9334,"62442,62443,62444"
9237,"62442,62443,62444,62453"
16871,"62437,62438,62439,62440,62441,62446,62447,62448,62449,62450,62451,62452,62456,62457,62458,62459,62460,62461,62462,62463,62464,62465,62466,62467,62468,62469,62478,62479,62481,62482,62496,62497,62498,62499,62500"
13342,62437
12866,"62437,62438,62439,62440,62441"
9263,"62437,62438,62439,62440,62441,62445,62446,62457"
19389,"62436,62437,62438,62439,62440,62441,62445,62446,62447,62448,62449,62450,62451,62452"
9233,"62436,62437,62438,62439,62440,62441,62458"
22290,"62435,62436,62437,62438,62439,62440,62441"
22258,"62434,62448,62449,62451,62452"
17059,"62434,62435,62436"
16328,"62434,62435,62437,62438,62439,62440,62441,62459,62465,62466,62468,62469"
15463,"62434,62435,62445,62446,62447,62455,62456,62457,62458,62459,62465,62466,62467,62468,62469,62478,62479,62480,62481,62482"
18516,"62432,62438,62439,62440,62441"
18585,62433
6669,"62397,62398,62399,62400,62401,62402,62403,62404,62405,62406,62407,62408,62409,62410,62411,62412,62428,62429,62433"
14133,"62433,62445,62446,62447,62448,62449,62450,62451,62452,62455,62457,62458"
14131,62433
14129,62433
5225,"62420,62421,62422,62423,62424,62425,62428,62429,62433"
10716,62433
9025,62433
9051,"62430,62431,62432"
20124,"62429,62430,62431"
16918,"62429,62433"
10861,62429
16862,"62428,62429,62430,62431,62432,62434,62435,62436"
16989,62427
20230,62426
45423,"62426,62427,62433,62442,62443,62444"
13468,"62426,62427"
12883,"62426,62427"
10836,"62426,62427"
9171,"62426,62427"
22502,"62424,62426,62427,62433"
20407,"62424,62425"
20181,62424
8480,"62423,62424,62425,62426,62427,62430,62431,62432,62445,62446,62447,62467,62468"
20381,"62422,62430,62431,62432,62434,62435,62436,62437,62438,62439,62440,62441,62445,62446,62450,62451"
18007,62422
22512,62421
20167,"62420,62421,62423"
13492,"62420,62421,62423,62425,62428,62429,62434,62435,62436,62445,62455"
16337,"62417,62418,62419,62420,62421,62422,62423,62424,62425,62428,62429,62430,62431,62432,62442,62443,62444,62445"
18489,"62412,62413,62414,62415,62416,62422,62423,62424,62425,62428,62430,62431,62432,62434,62437,62438,62439,62440,62441,62447"
14312,"62412,62413,62414,62415,62416"
12860,"62412,62413,62414,62415,62416,62420,62421,62434"
9223,"62412,62413,62414,62415,62416,62417,62418,62419,62420,62421,62422,62423,62424,62425,62426,62427,62430,62431,62432,62435,62436,62437,62438,62439,62440,62441,62446,62448,62449,62450,62451,62452,62457"
8588,"62412,62413,62414,62415,62416,62422,62428,62430,62431,62432"
10727,62410
18251,"62409,62423,62442,62443,62444"
22186,62405
21639,"62405,62406,62407,62408,62418,62419"
20399,"62405,62406,62407,62408"
19352,"62405,62406,62407,62408,62410,62411,62417,62418,62419,62422,62423,62424,62425,62428,62429,62433,62435,62436"
16258,"62405,62406,62407,62408"
9127,"62405,62406,62407,62408"
20398,"62404,62405,62406,62407,62408"
19350,"62404,62412,62413,62414,62415,62416,62420,62421,62422,62426,62427,62428,62429,62430,62431,62432,62434"
20179,"62400,62401,62402,62403,62409,62410,62411,62412,62413,62414,62415,62416,62417,62418,62419,62420,62421,62422,62428,62429,62434,62435,62436"
20076,"62400,62401,62402,62403,62411,62412,62413,62414,62415,62416,62417,62418,62419,62420,62421"
18536,"62400,62401,62402,62403,62409,62417,62422,62425"
18487,"62400,62401,62402,62403,62404,62409,62410,62411,62417"
6605,"62396,62397,62400,62401,62402,62403,62408,62409,62410,62411,62420,62421"
9037,"62400,62401,62402,62403,62405,62406,62407,62408,62412,62413,62414,62415,62416,62420,62421"
8992,"62400,62401,62402,62403,62404,62405,62406,62407,62408,62409,62410,62411,62417,62418,62419,62420,62421"
20350,"62399,62404,62405,62406,62407,62408,62409,62410,62411,62417,62418,62419,62423"
18500,62399
17092,"62399,62406,62407,62408"
16385,"62399,62404,62410,62411"
13424,"62399,62404,62409,62410,62411,62417,62418,62419,62423,62424,62425,62428,62429,62430,62431,62432,62435,62436,62445,62446,62447,62455"
13422,62399
13420,62399
8998,"62399,62404,62405,62406,62407,62408,62409,62411,62412,62413,62414,62415,62416,62418,62419,62420,62423,62424,62425,62428,62429"
22349,62398
20074,62398
19492,62398
16867,62398
16364,"62398,62399,62404,62409,62410"
14267,"62398,62404,62409"
14257,62398
14077,"62398,62399,62410,62411"
8483,62398
22146,"62396,62397,62398,62400,62401,62402,62403,62404,62409,62410,62411,62412,62413,62414,62415,62416,62417,62418,62419,62422,62424,62425,62426,62427,62428"
20292,"62396,62397"
20137,"62396,62397,62399,62400,62401,62402,62403"
20102,"62396,62397,62400,62401,62402,62403"
16296,"62396,62397"
15571,"62396,62397"
14197,"62396,62397"
13451,"62396,62397"
12518,"62396,62397,62398,62400,62401,62402,62403"
10713,"62396,62397"
8561,"62396,62397"
