player,id,matches
0,642519,"1278674,1278675"
1,554691,"1243385,1243386,1243387,1278674,1278675"
2,719715,"1223872,1243384,1243386,1243387"
3,802575,1223872
4,700167,"1223871,1223872"
5,1070173,"1223870,1223871,1223872,1243384,1243385,1243386,1243387,1249875,1278674,1278675"
6,940973,"1223870,1223871,1223872,1243385,1243387,1239543,1239544,1239545,1239546,1278675"
7,31872,"1187009,1243384"
8,398438,"1144995,1144996,1188628,1188629,1187007,1187008,1187009,1187016,1187017,1187685,1187686,1223869,1223870,1223872,1278674,1278675"
9,475281,"1157753,1223872,1239543,1239546"
10,1070168,"1157752,1157753,1187685,1187686,1223869"
11,452044,"1119553,1144994,1144995,1144996,1188628,1188629,1187007,1187685,1187686,1223869,1223870,1223871"
12,931581,"1119551,1119552,1119553,1157752,1157753,1144993,1144994,1144995,1144996,1188628,1188629,1187685,1187686,1223870,1223871,1223872,1243384,1243385,1243386,1243387,1249875,1239543,1239544,1239545,1239546"
13,625383,"1122276,1122277,1122278,1119551,1119552,1119553,1144993,1144994,1144995,1144996,1188628,1188629,1187685,1187686,1223869,1223870,1223871,1243384,1243386,1249875,1239543,1239544,1239545,1239546"
14,625371,"1109602,1109603,1109604,1122276,1122277,1122278,1133983,1119549,1119550,1119551,1119552"
15,559235,"1062576,1109604,1119550,1157752,1157753,1144996,1243385"
16,398439,"1034813,1034815,1034817,1062574,1062575,1062576"
17,447587,"1034811,1034813,1034815,1062573,1278675"
18,32102,895777
19,422108,"754741,754743,895773,895775,895777,1022595,1022597,1022599,1030213,1034811,1034815,1034817,1041761,1062573,1062574,1062575,1062576,1109603,1109604,1122723,1122724,1122277,1122278,1133983,1119549,1119550,1119551,1119552,1119553,1157752,1157753,1144993,1144994,1144996,1188628,1188629,1239543,1239544,1239545,1239546"
20,30288,754737
21,32973,"667715,667717"
22,27223,"667711,667713,667719,895775,895777,903605"
23,34102,"676525,676527,648665,648667,667651,667653,667715,754737,754739,754743,870729,895773,895775,895777,903607,903609,1022597,1022599,1030213,1030215,1030217,1122724,1122725,1122276,1122277,1144993,1144995,1187007,1187008,1187009,1187016,1187017,1223871,1223872,1243384,1243385,1243386,1243387,1249875,1239543,1239544,1239545,1239546"
24,481896,"676525,676527,648665,648667,667651,667653,667711,667713,667715,754737,754741,754743,1022593,1022595,1022597,1022599,1030213,1030215,1030217,1034809,1034811,1034813,1109602,1109603,1109604,1122723,1122725,1122276,1122277,1122278,1119549,1119550,1119551,1119552,1119553,1157752,1144993,1144994,1144995,1144996,1188628,1188629,1187007,1187008,1187009,1187016,1187017,1187685,1187686,1223869,1249875,1239543,1239544,1239545"
25,277916,"598815,648665,648667,667651,667653,667711,667713,667715,667717,667719,754737,754739,754741,754743,870729,895773,895775,895777,903603,903605,903607,903609,1022593,1022595,1022597,1022599,1030213,1030215,1030217,1034809,1034811,1034813,1041761,1062573,1062574,1062575,1062576,1109602,1109603,1109604,1122723,1122724,1122725,1122278,1133983,1119549,1119550,1119551,1119552,1119553,1157752,1157753,1144993,1144994,1144995,1144996,1188628,1188629,1187007,1187008,1187009,1187016,1187017,1187685,1187686,1223869,1223870,1223871,1223872,1243384,1243385,1243386,1243387,1249875,1239543,1239544,1239545,1239546,1278674"
26,28235,"598814,676525,676527,648665,648667,667651,667653,667711,667713,667715,754737,754739,754741,870729,895773,903603,903605,903607,903609,1022593,1022595,1022597,1030215,1109602,1109603,1109604,1122723,1122725,1122276,1133983,1119549,1119551,1119552,1119553"
27,326016,"598812,598813,598814,598815,676525,676527,667711,667713,667715,667717,667719,754743,1022597,1022599,1030215,1034815,1041761,1062576,1122723,1122276,1122278"
28,234675,"565809,598812,598813,598814,598815,648667,667651,667653,667711,667713,667715,667717,903603,903605,903607,903609,1022597,1030213,1030215,1030217,1034809,1034811,1034813,1034815,1034817,1041761,1062573,1062574,1062575,1062576,1109602,1109603,1122723,1122724,1122725,1133983,1119553,1157752,1157753,1144995,1144996,1188628,1188629,1187007,1187008,1187009,1187016,1187017,1187686,1223870,1223871,1249875,1239543,1239544,1239545,1239546,1278674"
29,35731,518952
30,360911,"535999,667717,667719,754737,754739,870729,895773,903603,903605"
31,376116,"535997,535998,518950,518951,518952,518953,565817,565818,565806,754739,754741,754743,870729,895775,895777,903603,903609,1022593,1022595,1030213,1030217,1034809,1034811,1034813,1034815,1034817,1041761,1062573,1062574,1062575,1062576,1109602,1109603,1109604,1122723,1122724,1133983,1119549,1157752,1157753,1144994,1187008,1187009,1187016,1187017,1187686,1223869,1223870,1239546,1278674,1278675"
32,26421,"535997,535998,535999,518950,518951,518953,565817,565818,565806,565807,565808,565809,598812,598813,598814,598815,676525,676527,648665,667717,667719,754739,754741,754743,870729,895773,895775,895777,903603,903605,903607,903609,1022593,1022595,1022597,1022599,1030213,1030215,1030217,1034809,1034811,1034813,1034815,1034817,1041761,1062573,1062574,1062575,1062576,1109602,1109603,1109604,1122723,1122724,1122725,1122276,1122277,1133983,1119549,1119550,1119551,1119552,1157752,1157753,1144993,1187007,1187008,1187009,1187016,1187017,1187685,1223869,1223870,1223871,1243384,1243385,1243386,1243387,1249875,1278674,1278675"
33,302582,"489226,489227,489228,474472,474473,1062574,1109602"
34,30732,"489226,489227,489228,474472,474473,474474"
35,253802,"489226,489227,489228,535999,518950,518951,518952,518953,565817,565818,565806,565807,565808,565809,598812,598813,598814,598815,676525,676527,648665,648667,667651,667653,667711,667713,667715,667717,667719,754737,754739,754741,754743,870729,895773,895775,895777,903603,903605,903607,903609,1022593,1022595,1022597,1022599,1030213,1030215,1030217,1034809,1034811,1034813,1034815,1034817,1041761,1062573,1062574,1062575,1109602,1109603,1109604,1122723,1122724,1122725,1122276,1122277,1122278,1119549,1119550,1119551,1119552,1119553,1157752,1157753,1144993,1144994,1144995,1144996,1188628,1188629,1187007,1187008,1187009,1187016,1187017,1187685,1187686,1223869,1243384,1243385,1243386,1243387,1249875,1239543,1239544,1239545,1239546,1278675"
36,390484,463146
37,32540,"464527,463147,463148,565817,565818,565806,565807,565808,565809,598812,598813,598814,598815,676525,676527,648665,648667,667651,667653,667711,667713,667715,667717,667719,754737,754739,754741,895777,903603,903605,903607,903609,1022593,1022595,1022599,1030213,1030215,1030217,1034809,1034811,1034813,1034815,1034817,1041761,1062573,1062574,1062575,1062576,1109602,1109603,1109604,1122723,1122724,1122725,1122276,1122277,1122278,1133983,1119550,1119551,1119552,1119553,1157752,1157753,1144993,1144994,1144995,1144996,1188628,1188629,1187007,1187008,1187009,1187016,1187017,1187685,1187686,1223869,1223870,1223871,1223872,1243384,1243385,1243386,1243387,1249875,1239543,1239544,1239545,1239546,1278674,1278675"
38,33335,"456670,456671,464526,464527,464531,464532,464533,463146,489226,489227,489228,474472,474473,474474,474475,565817,565818,754743"
39,310958,"456669,456670,456671,489227"
40,279810,"441825,518953,754737,754743,870729,895773,895775,903603,903605,903607,903609,1022593,1022595,1022597,1022599,1030213,1030215,1030217,1034809,1034811,1041761,1062573,1062574,1062575,1062576,1109602,1109603,1109604,1122723,1122724,1122725,1122276,1187007,1187008,1187009,1187016,1187017,1223869,1278674,1278675"
41,26806,"441825,441826"
42,32130,"430882,430883,434257,456669,456670,456671,464526,464527,464531,464532,464533,535997,535998,535999,565817,565818,565806,565807,565808,565809,598814,598815,676525,676527"
43,237095,"345672,430883,434257,441825,441826,456670,456671,464527,463147,489226,489227,489228,598812,598813,598814,598815,676525,676527,648665,648667,667651,667653,667711,667713,667715,667717,667719,754737,754739,754741,754743,870729,895775,903603,903605,903607,903609,1022593,1022599,1030213,1030215,1030217,1034809,1034811,1034813,1034815,1034817,1041761,1062573,1062575,1062576,1122724,1122725,1122276,1122277,1122278,1133983,1119549,1119550,1144993,1144994"
44,31107,"345670,345671,345672,361050,361051,430881,434256,441825,441826,456671,489226,474474,474475,895773,895775,895777,903603,903607,1022593,1022595,1034809,1034817"
45,236779,"282692,297808,291352,291353,291354,332913,343729,343730,343731,345669,345670,345671,345672,361050,361051,366628,386496,366629,430881,434256,434257,441825,441826,456669,456670,456671,464526,464533,463146,463147,463148,489226,489227,489228,474472,474473,474474,474475,535997,535998,535999,518950,518951,518952,518953,565808,565809,598812,598813,598814,598815,648665,648667,667651,667653,667711,667713,667719,754737,754739,754741,870729,895773,895775,895777,903605,903607,903609,1022593,1022595,1022597,1022599,1034817,1041761,1062573,1062574,1062575,1122724,1122725,1122277,1122278,1133983,1119549,1119550,1119551,1119552,1119553,1144993,1144994,1144995,1188628,1188629,1187007,1187008,1187016,1187017,1187685,1243384,1243385,1243386,1243387,1249875,1239544,1239545,1278674"
46,32391,"282691,282692"
47,35281,"239920,239921,249215,249216,282691"
48,32965,"238186,238187,239920,239921,239922,239923,249217,297806,297807,366628,386496,366629,489228"
49,32966,"238186,332913,565809"
50,34274,"239025,238187,239920,239922,239923,249215,249216,249217,258468,258469,258470,332911,332912,332913,430882,430883,434256,464527,464531,464532,464533,463146,463147,463148,474473,474474,474475"
51,35280,"233797,234783,282691,282692,258468,258469,258470,291351,291352,291353,291354,332911,332912,474475"
52,28081,"226361,226362,226363,232615,233797,234783,239025,238186,238187,239920,239921,239922,239923,249215,249216,282691,282692,258468,258469,258470,297806,297807,291351,291352,291353,291354,332911,332912,332913,345669,345670,345671,345672,361050,361051,366628,366629,430881,430882,430883,434257,441825,441826,456669,456670,456671,464526,464527,464531,464532,464533,463146,463147,463148,489226,489227,489228,474472,474473,474474,474475,535997,535998,535999,518950,518951,518952,565817,565818,565806,565807,565808,565809,598812,598813,598814,598815,676525,676527,648665,648667,667651,667653,667711,667713,667715,667717,667719,754739,754741"
53,30045,"64102,64109,64110,64111,64112,64125,64126,64127,219062,219613,249217,282691,282692,258468,258469,258470,297806,297807,297808,343729,343730,386496,434256,1133983,1119549,1119550"
54,28763,"64102,64109,64110,64111,64112,64125,64126,64127,219062,219613,226361,226362,226363,297808,343729,343730,343731,345669,345670,345671,361050,361051,366628,386496,366629,430881,430882,434256,434257,441825,441826,456669,464526,464531,464532,464533,463146,463148,474472,474474,474475,535997,535998,535999,518950,518951,518952,518953,565817,565818,565806,565807,565808,565809,667717,667719,1030217,1034809"
55,32685,"64060,64062,64081,64082,64083,64099,64100,64110,64111,64112,64125,64126,64127,219062,219613,226361,226362,226363,232615,233797,234783,239025,238186,238187,239921,297808,291353,291354,332912"
56,36084,"64047,64081,64082,64083,64099,64100,219062,219613,226362,226363,232615,233797,234783,238186,238187,239920,239921,239922,239923,297808,291351,291352,332913,361050,361051,366628,386496,366629,430881,430882,430883,434256,434257,456669,474473,535997,535998,565806,565807,565808"
57,27639,"64046,64047,64059,64060,64061,64062,64081,64082,64099,64101"
58,26829,"64046,64047,64081,64082,64083,64125,64126,64127"
59,32242,"63998,63999,64004,64005,64006,64020,64021,64046,64047,64059,64060,64061,64062,64081,64082,64083,64099,64100,64101,343731,1034813,1034815,1034817,1122277,1122278"
60,33127,"63985,63986,63987,63988,63997,64000"
61,36080,"63961,63962,64021"
62,34026,63961
63,27225,"63961,63976,63977,63984,63985,63999,64000,64004,64005,64006,64020,64021"
64,35263,"63951,63952,63962,63963,63977,63997,63998,63999,64000,64004,64005,64006,64020,64021,64046,64047,64059,64060,64061,64062,64081,64082,64083,64099,64100,64101,64102,64109,64110,64111,64112,64125,64126,64127,219062,219613,221840,226361,226363,232615,233797,234783,239025,238186,238187,239920,239921,239922,239923,249215,249216,249217,291353,291354,332911,332912,332913,343729,343730,343731,345669,345670,345671,345672,361050,361051,366628,386496,366629,430881,430882,430883,434256,434257,441825,441826,456669,456670,456671,464526,464527,464531,464532,464533,463146,463147,463148,474474,474475,535997,535998,535999,518950,518951,518952,518953,565817,565818,565806,565807,565808,565809,598812,598813"
65,28146,"63951,63952,63961,63962,63963,63976,63977,63984"
66,26802,"63935,63943,63944,63945"
67,28090,"63921,63934,63935,63943,63944,63945"
68,26815,"63921,63945"
69,34214,63919
70,34211,"63906,63963,63984"
71,27978,"63905,63906"
72,30102,"63898,63906,63920,63921,63934,63943,63944,63945,63951,63976,63977,63984,63985,63986,63987,63988,63997,63998,63999,64000,64004,64005,64020,64021,64046,64047,64059,64061,64081,64099,64100,64101,64102,64109,64110,64111,64112,64125,219062,219613,233797,234783,249215,249216,249217,282691,282692,258468,258469,258470,297806,297807,291351,343729,343730,343731,345669,345670,345671,345672,361050,361051,366628,386496,366629,430881,430882,430883,434256,434257,441825,441826,464526,464527,464531,464532,463147,463148,474472,518950,518951,518952,518953,565817,565818,565806,565807,565808,648665,648667,667651,667653"
73,30042,63898
74,28010,"63898,63905,63906,63919,63920,63921,63934,63935,63943,63944,63945,63951,63952,63961,63962,63963,63976,63977,63984,63985,63986,63987,63988"
75,29990,"63871,63943,63944,63945,64100,64101,64102,226363,239025,239920,239921,239922,239923"
76,27641,63871
77,30049,"63870,63871,63898,63905,64062,64101,64102,64109"
78,29646,"63870,63871,63986,63987,63988,63997,63998,239025,238186,238187,239920,239921,239922,239923,249215,249216,249217,282691,282692,258468,258469,258470,297806,297807,297808,291351,291352,291353,332911,332912,332913"
79,30018,"63866,63867"
80,35673,"63848,63849,63867"
81,32346,"63848,63849,63850,63865,63866,63867"
82,28770,"63848,63849,63850,63865"
83,31820,"63831,63934,63935,63951,63985,63986,63987,63988,63997,63998,64006,64020,64021,64059,64060,64061,64083"
84,33066,"63828,63829,63830,63831,63848,63849,63850,63865,63866,63898,63905,63906,63919,63920,63921,63934,63943,63944,63945"
85,34060,63827
86,34059,63813
87,26184,"63813,63865,63866,63867,63870,63898,63905,63906,63919,63935,63952,63997,63998,63999,64000,64020,64059,64060,64061,64062,64082,64101,226361,226362,226363,232615"
88,29264,"63796,63813,63826,63829,63830,63831,63849,63850,63919,63920,63921,63934,63935,63943,63944,63945,63952,63961,63962,63963,63976,63977,63985,63986,63988,63998,63999,64000,64004,64005,64006,64020,64021,64046,64047,64059,64099,64100,64102,64109,64110,64111,64112,64126,64127,219062,219613,226361,226362,226363,232615,233797,239025,238186,238187,239922,239923,297806,297807,297808,291351,291352,291354,332911,332912,332913,343729,343730,343731,345669,345670,345672,361050,361051,366628,386496,366629,430881,430882,430883,434257,441825,441826,456669,456670,464526,464527,464531,464532,464533,463146,463147,463148,489226,489227,489228,474472,474473,565807,598812,598813,870729,895773"
89,29280,"63794,63796,63944"
90,31025,"63763,63775"
91,30149,"63762,63776,63921"
92,30182,"63745,63746,63747,63748,63749,63762,63763,63775,63776,63777"
93,28774,"63737,63738,63747,63749"
94,30750,"63724,63725,63737,63738,63745,63746,63747,63748,63795,63796,63828,63829,63830,63831,63865,63866,63867,63870,63905,63919,63920,63921,63934,63935,63951,63952,63961,63962,63963,63976,63984,63985,63986,63987,63988,63997,63998,63999,64000,64004,64005,64006,64020,64021,64046,64047,64059,64060,64061,64062,64081,64082,64083,64099,64100,64101,64102,64109,64110,64111,64112,64125,64126,64127,219062,219613,226361,226362,226363,232615,233797,234783,239025,239920,239921,239922,239923,249215,249216,249217,258468,258469,258470,297806,297807,297808,291351,291352,291353,291354,332911,332912,332913,343729,343730,343731,345669,345670,345671,345672,361050,361051,366628,386496,366629,430881,430882,430883,434256,441826,456669,456670,456671,464526,464531,464532,464533,463146,463147,463148,489226,489227,489228,474472,474473,474474,474475,535997,535998,535999,518950,518951,518952,518953"
95,29712,"63721,63736"
96,28779,"63714,63715,63721,63725,63726,63736,63737,63738,63745,63746,63747,63748,63762,63763,63775,63776,63777,63794,63795,63796,63813,63826,63827,63828,63829,63830,63831,63848,63849,63850,63865,63866,63867,63870,63871,63898,63905,63906,63919,63920,63921,63934,63935,63943,63944,63945,63951,63952,63961,63962,63963,63976,63977,63984,63985,63986,63987,63988,63997,63998,63999,64000,64004,64005,64006,64020,64021,64046,64059,64060,64061,64062,64083,64099,64100,64109,64110,64111,64112,64125,64126,64127,219062,219613,226361,226362,232615,234783,249215,249216,249217,282691,282692,258468,258469,258470,297806,297807,297808,291351,291352,291353,291354,332911,332912,332913,343729,343730,343731,345669,345670,345671,345672"
97,28114,"63714,63715,63721,63724,63725,63726,63736,63737,63738,63745,63746,63747,63748,63749,63762,63763,63775,63776,63777,63794,63795,63796,63813,63826,63827,63828,63829,63830,63831,63848,63849,63850,63865,63866,63867,63870,63871,63898,63905,63906,63919,63920,63921,63934,63935,63943,63944,63945,63951,63952,63961,63962,63963,63976,63977,63984,63985,63986,63987,63988,63997,63998,63999,64000,64004,64005,64006,64020,64021,64046,64047,64059,64060,64061,64062,64081,64082,64083,64099,64100,64101,64102,64109,64110,64111,64112,64125,64126,64127,219062,219613,221840,226361,226362,232615,233797,234783,239025,238186,238187,239920,239921,239922,239923,249215,249216,249217,282691,282692,258468,258469,258470,297806,297807,297808,291351,291352,291353,291354,332911,332912,332913,343729,343730,343731,345669,345670,345671,345672,361050,361051,366628,386496,366629,430881,430882,430883,434256,434257,456669,456670,456671,464526,464527,464531,464532,464533,463146,463147,463148,489226,489227,489228,474472,474473,474474,474475,535997,535998,535999,518950,518951,518952,518953"
98,33120,"63713,63714,63715,63721,63736,63738"
99,32345,"63713,63714,63715,63721,63724,63725,63726,63736,63737,63738,63745,63746,63747,63748,63749,63762,63763,63777,63826,63827,63828,63829,63830,63831,63848,63850,63865,63866,63867,63920,63943,63944,63945"
100,30999,"63713,63714"
101,29725,"63713,63721,63724,63725,63726,63745,63746,63748,63749,63828,63848,63849,63898,63905,63906"
102,30030,"63662,63696,63721,63726"
103,31036,"63631,63632,63633,63645,63660,63661,63662,63694,63695,63696,63713,63714,63715,63721,63724,63725,63726,63736,63737,63738,63745,63746,63747,63748,63749,63762,63763,63775,63776,63777,63794,63795,63796,63813,63826,63827,63828,63829,63830,63831,63870,63871,63919,63920"
104,36069,63604
105,30009,"63598,63599,63600,63604,63615,63616,63617,63631,63632,63633,63645,63660,63661,63662,63694,63695,63696"
106,27622,"63598,63599,63600,63604,63615,63616,63617,63631,63632,63633,63645,63660,63661,63694,63695,63762,63775,63776,63777,63794,63795"
107,29632,"63586,63587,63589,63694,63695,63696,63713,63714,63748,63749,63763,63826,63827,63850,63870"
108,26238,"63586,63587,63588,63589,63598,63599,63600,63604,63615,63616,63617"
109,26853,63565
110,34105,"63563,63564,63565,63566,63567,63583,63586,63587,63589,63615,63616,63645,63660,63661,63662,63694,63695,63696,63713,63714,63715,63724,63725,63726,63736,63737,63738,63775,63776,63777,63794,63795,63813,63826,63827,63828,63829,63830,63848,63849,63850,63865,63866,63867,63870,63871,63898,63905,63906,63919,63934,63935,63943,63951,63952,63962,63963,63976,63977,63984,63985,63986,63987,63988,64004,64005,64006"
111,30176,"63535,63583,63586,63587,63588,63589,63598,63599,63600,63604,63615,63616,63617,63631,63632,63633,63645,63660,63661,63662,63694,63695,63696,63713,63714,63715,63721,63724,63725,63726,63736,63737,63738,63745,63746,63747,63748,63749,63762,63763,63775,63776,63777,63794,63795,63796,63813,63826,63827,63828,63829,63830,63831,63848,63849,63850,63865,63866,63867,63870,63871,63951,63952,63961,63962,63963,63976,63977,63984,63987,63997,63999,64000,64004,64005,64006,64046,64047,64060,64061,64062,64081,64082,64083,64099,64100,64101,64102,64109,64110,64111,64112,64125,64126,64127,219062,219613,226361,226362,226363,232615,233797,234783,239025,238186,238187,239920,239921,239922,239923,249215,249216,249217,282691,282692,258468,258469,258470,297806,297807,297808,291351,291352,291353,291354,332911,332912,343729,343730,343731,345669,345671"
112,28884,63525
113,35939,"63523,63524,63525,63536"
114,33044,"63523,63524,63548,63563,63564,63566,63567,63583,63588,63589,63598,63599,63600,63617,63631,63632,63633,63645,63660,63661,63662,63694,63695,63715,63794,63795,63796,63920"
115,33151,"63514,63516"
116,35320,"63513,63514,63515,63516,63523,63524,63525,63534,63535,63536,63548,63563,63564,63565,63566,63567,63583,63586,63587,63588,63589,63598,63599,63600,63604,63615,63616,63617,63631,63632,63633,63645,63660,63661,63662,63694,63695,63696,63713,63714,63715,63721,63724,63725,63726,63736,63737,63738,63745,63746,63747,63748,63749,63762,63763,63775,63776,63777,63794,63795,63796,63813,63826,63827,63828,63829,63830,63831,63848,63849,63850,63865,63866,63867,63870,63871,63898,63905,63906,63919,63920,63921,63934,63935,63951,63952,63961,63962,63963,63976,63977,63984,63985,63986,63987,63988,63997,63998,63999,64000,64004,64005,64006,64020,64021,64046,64047,64059,64060,64061,64062,64081,64082,64083,64101,64102,64109,64110,64111,64112,64125,64126,64127,226361,226362,226363,232615,233797,234783,239025,238186,238187,249215,249216,249217,282691,282692,258468,258469,258470,297806,297807,291351,291352,291353,291354,332911,343729,343730,343731,345669,345670,345671,345672,361050,361051,366628,386496,366629,430881,430882,430883,434256,434257,441825,441826,456669,456670,456671,464526,464527,464531,464532,464533,463146,463147,463148,474472,474473,474474,474475,535997,535998,535999,518950,518951,518952,518953,565817,565818,565806,565807,565808,565809,598812,598813,598814,598815,676525,676527"
117,26257,63513
118,35657,63506
119,33963,"63495,63534"
120,32249,63494
121,33943,63469
122,33058,"63469,63493,63505,63523,63524,63525,63583,63588,63726,63736,63737"
123,29299,"63469,63493,63494,63495,63503,63504,63505,63523,63524,63525,63534,63535,63536,63548,63696,63724,63725"
124,30934,"63466,63503,63504,63505,63506,63513,63514,63515,63516,63523,63524,63525,63534,63535,63536,63548,63563,63564,63565,63566,63567,63583,63586,63587,63588,63589,63631,63632,63633,63645,63660,63661,63662,63694,63713,63715,63724"
125,26290,"63466,63467,63468,63469,63493,63494,63495,63503,63504,63505,63506,63513,63515"
126,30745,"63449,63450,63451,63466"
127,26293,"63449,63451"
128,30151,"63440,63452,63453"
129,32179,"63433,63438,63439,63565,63566"
130,31038,"63432,63433,63434,63438,63440,63449,63450,63451,63452,63453,63454,63455,63456,63466,63467,63468,63469,63493,63494,63495,63503,63504,63505,63506,63513,63514,63515,63516,63523,63524,63525,63534,63535,63536,63548,63563,63564,63567,63583,63586,63587,63588,63589,63598,63599,63600,63615,63616,63617"
131,35713,"63409,63410,63411"
132,33034,"63409,63410"
133,33952,"63395,63409,63454,63455,63548"
134,26329,"63393,63394,63395,63409,63410,63411,63418,63419,63420,63432,63433,63434,63438,63439,63440,63449,63452,63453,63454,63455,63456,63467,63468,63469,63493,63494,63495,63503,63504,63506,63513,63514,63515,63516,63523,63524,63525,63534,63535,63536,63548,63563,63564,63565,63566,63567,63583,63586,63587,63588,63589,63598,63599,63600,63604,63615,63616,63617,63631,63632,63633,63645,63660,63661,63662,63694,63695,63696,63713,63714,63715,63721,63724,63725,63726,63736,63737,63738,63745,63746,63747,63748,63749,63762,63763,63775,63776,63777,63794,63795,63796,63813,63826,63827,63828,63829,63830,63831,63871"
135,32323,"63392,63393,63513,63514,63515,63516,63523,63524,63525,63534,63535,63536,63548,63563,63564,63565,63566,63567,63583,63586,63587,63588,63589,63598,63599,63600,63604,63615,63616,63617,63631,63632,63633,63660,63661,63662,63694,63695,63696"
136,33949,"63381,63382,63391,63393,63394,63409,63410,63411,63418,63420,63432,63434,63438,63439,63449,63450,63466,63467,63468,63503,63504,63505,63506"
137,34028,"63352,63355,63493,63494,63495,63503,63504,63505,63506,63513,63514,63515,63516,63523,63534,63535,63536,63565,63566,63567,63598,63599,63600,63604,63615,63616,63617,63631,63632,63633,63645,63660,63661,63662,63695,63696,63745,63746,63747,63749,63762,63763,63775,63776,63777,63794,63795,63796,63813,63826,63827"
138,26928,"63349,63350"
139,34074,"63339,63391,63392,63393,63394,63395,63410,63419,63420"
140,33891,"63333,63334"
141,33816,"63332,63333,63334,63335,63336,63337,63338,63352"
142,30923,"63330,63331,63332,63333,63334,63335,63336,63337,63352,63353,63354,63355,63381,63409,63411,63432,63433,63434,63438,63439,63440,63449,63450,63451,63452,63453,63455,63456,63466,63467,63468,63514,63515,63516,63604"
143,34020,63320
144,26295,"63320,63329,63330,63331,63453,63466,63467,63468,63469,63493,63494,63495,63503,63504,63505,63506"
145,31808,"63315,63316"
146,32201,63314
147,33187,"63302,63303"
148,30912,"63302,63303,63314,63353,63354,63355,63395"
149,34103,"63298,63299,63300,63301,63332,63333,63394,63395,63409,63410,63411,63418,63419,63420,63432,63433,63434,63438,63439,63440,63449,63450,63451,63452,63453,63454,63455,63456,63466,63467,63468,63469,63493,63494,63495,63513,63514,63515,63516,63563,63564,63566,63567"
150,34109,63288
151,36078,63286
152,33975,"63286,63287,63288,63298,63299,63300,63301,63302,63303,63314,63315,63316,63329,63334,63335,63336,63337,63338,63339,63348,63349,63350,63351,63352,63353,63354,63355,63381,63382,63391,63392,63393,63394,63395,63409,63410,63411,63418,63419,63420,63432,63433,63434,63438,63439,63440,63449,63450,63451,63452,63453,63454,63455,63456,63466,63467,63468,63469,63493,63494,63495,63503,63504,63505,63506,63513,63514,63515,63516,63534,63535,63536,63548,63563,63564,63565,63583,63586,63587,63588"
153,26325,"63286,63298,63299,63300,63349,63351,63352"
154,32283,"63251,63252,63262,63279,63280,63281,63286,63287,63288,63298,63299,63300,63301,63315,63316,63320,63329,63330,63331,63332,63347,63348,63349,63350,63352,63381,63382,63391,63392"
155,26948,"63247,63248,63249,63250,63251,63252,63262,63279,63286,63347,63348,63350,63351,63352,63353,63354,63355,63381,63411,63418,63419,63432,63433,63434,63453,63454,63456"
156,36064,"63242,63243,63244,63245,63246,63247,63248,63249,63250,63252,63262,63280,63281,63288,63301,63353,63354,63355,63382,63391,63392,63393,63394,63418,63419,63420,63438,63439,63440,63450,63451,63452,63454,63455,63456"
157,28107,"63241,63242,63243,63244,63245,63246,63247,63248,63249,63250,63251,63252,63262,63279,63280,63281,63287,63288,63298,63299,63300,63301,63302,63303,63314,63315,63316,63320,63329,63330,63331,63332,63347"
158,36075,"63238,63239,63240,63241,63242,63243,63244,63245,63246,63247,63248,63249,63250,63251,63252,63262,63279,63280,63281,63287,63302,63303,63314,63315,63316,63320,63333,63334,63335,63336,63337,63338,63339,63347,63348,63349,63351"
159,33152,"63237,63238,63239,63240"
160,32207,"63229,63230"
161,31795,"63228,63229,63244,63245"
162,30028,"63217,63218,63219,63226,63227,63228,63229,63230,63231,63237,63238,63239,63240,63241,63242,63243,63244,63245,63246,63247,63248,63249,63250,63251,63252,63262,63279,63280,63281,63286,63287,63288,63298,63299,63300,63301,63302,63303,63314,63315,63316,63320,63329,63330,63331,63332,63333,63334,63335,63336,63337,63338,63339,63347,63348,63349,63350,63351,63352,63353,63354,63355,63381,63382,63391,63392,63394,63395,63409,63410,63411,63418,63419,63420,63432,63433,63434,63438,63439,63440,63449,63450,63451,63452,63453,63454,63455,63456,63466,63467,63468,63469,63493,63494,63495,63503,63504,63505,63506,63513,63514,63515,63516,63523,63524,63525,63534,63535,63536,63548,63563,63564,63565,63566,63567,63583,63586,63587,63588,63589,63598,63599,63600,63604,63615,63616,63617,63631,63632,63633,63645"
163,36072,"63177,63178,63240,63241"
164,35654,"63156,63157,63158,63160,63162,63176,63195,63196,63197,63198,63199,63217,63218,63219,63226,63227,63228,63229,63230,63231,63237,63238,63239,63240,63241,63242,63243,63244,63245,63246,63247,63248,63249,63250,63251,63262,63279,63280,63281,63286,63287,63288,63298,63299,63300,63301,63302,63303,63314,63315,63316,63320,63329,63330,63331,63332,63333,63334,63335,63336,63337,63338,63339,63349,63350,63351,63353,63354,63355,63381,63382,63391,63392,63393,63394,63395,63409,63410,63411,63418,63419,63420,63432,63433,63434,63439,63440,63449,63450,63451,63452,63453,63454,63455,63456,63466,63467,63468,63493,63494,63495,63503,63504,63505,63506,63524,63525,63534,63535,63536,63548,63563,63564,63565,63566,63567"
165,30116,"63156,63157,63158,63159,63160,63161,63162,63171,63172,63173,63174,63175,63176,63177,63178,63195,63196,63197,63198,63199,63217,63218,63219,63226,63227,63228,63229,63230,63231,63241,63242,63243,63244,63245,63246,63247,63248,63249,63250,63251,63252,63262,63279,63280,63281,63286,63287,63288,63298,63299,63300,63301,63302,63303,63314,63315,63316,63320,63329,63330,63331,63332,63333,63334,63335,63336,63337,63338,63339,63347,63348,63349,63350,63351,63352,63353,63354,63355,63381,63382,63391,63392,63393,63394,63395,63418,63419,63420"
166,26226,"63156,63157,63158,63159,63160,63177,63178,63217,63218,63219"
167,28813,"63133,63134,63135,63172,63173,63174,63177,63178,63197,63198,63199,63219,63226,63227,63228,63229,63230,63231,63237,63238,63239,63240,63241,63242,63243,63244,63245,63246,63247,63248,63249,63250,63251,63252,63262,63279,63280,63281,63287"
168,28754,"63133,63134,63135,63159,63161,63162,63171,63172,63173,63174,63175,63177,63178,63199,63227,63228,63229,63230,63231,63237,63238,63335,63336,63337,63338,63339,63347,63348,63349,63350,63351,63352,63353,63354,63355,63381,63382,63391,63392,63393"
169,33958,"63132,63133,63159,63174,63175"
170,30019,"63131,63132"
171,31778,"63127,63132,63133"
172,32231,"63125,63126,63131,63132,63135,63156,63157,63158,63160,63161,63162,63171,63172,63173,63174,63175,63176,63177,63178,63195,63196"
173,30873,"63125,63126,63133,63134,63156,63157,63158,63159,63160,63161,63162,63171,63175,63176,63195,63196,63298,63299,63300,63301,63302,63303,63314,63315,63316,63320,63329,63330,63331,63338,63339,63347,63348,63349,63350,63351,63353,63382,63433"
174,32202,"63089,63090"
175,28794,"63067,63068,63069,63070,63076,63077,63078,63089,63090,63091,63092,63093,63125,63126,63127,63131,63135,63156,63157,63158,63159,63160,63161,63162,63171,63172,63173,63174,63175,63176,63177,63178,63195,63196,63197,63198,63199,63217,63218,63219,63226,63227,63228,63229,63230,63231,63237,63238,63239,63240,63241,63242,63243,63244,63245,63246,63247,63248,63249,63250,63251,63252,63262,63279,63280,63281,63286,63287,63288,63298,63299,63300,63301,63302,63303,63314,63315,63316,63320,63329,63330,63331,63332,63333,63334,63335,63336,63337,63338,63339,63347,63348,63349,63350,63351,63352,63353,63354,63355,63381,63382,63391,63392,63393,63394,63395,63409,63410,63411,63418,63419,63420,63432,63433,63434,63438,63439,63440,63449,63450,63451,63452,63454,63455,63456"
176,30135,"63066,63067,63068,63069,63070"
177,29852,63066
178,26225,"63055,63156,63157,63158,63159,63160,63161,63162,63171,63172,63173,63174,63176,63195,63196,63197,63198,63199,63217,63218,63219,63226,63231,63237,63239,63246,63329,63330,63331,63332,63333,63334,63335,63336,63337,63338,63339,63347,63348,63350,63351,63354,63381,63382,63391,63392,63393,63394,63395,63410,63411,63418,63419,63420,63432,63434,63438,63439,63440,63450,63451,63452,63453,63454,63455,63456,63467,63468,63469"
179,35712,"63052,63053,63054,63055,63068,63069,63070,63076,63077,63078,63089,63090,63091,63092,63093,63125,63126,63127,63131,63132,63133,63134,63135,63156,63157,63158,63159,63160,63161,63162,63171,63172,63173,63174,63175,63176,63177,63178,63195,63196,63197,63198,63199,63217,63218,63219,63226,63227,63228,63229,63230,63231,63237,63238,63239,63240,63241,63242,63243,63244,63245,63246,63247,63248,63249,63250,63251,63252,63262,63279,63280,63281,63286,63287,63288,63298,63299,63300,63301,63302,63303,63314,63315,63316,63320,63329,63330,63331,63332,63333,63334"
180,34085,"63047,63052,63053,63054,63055,63066,63067,63068,63069,63070,63076,63077,63078,63089,63090,63091,63092,63093,63125,63126,63127,63131,63132,63134,63135,63161,63175"
181,28772,"63047,63052"
182,33182,"63046,63047,63053,63054"
183,32149,63045
184,30938,"63045,63046,63051,63052,63053,63054,63055,63067,63068,63069,63076,63077,63078,63127,63134,63171,63172,63173,63176,63195,63197,63198"
185,27619,"63045,63046,63055,63091,63092,63196,63197,63198,63199,63217,63218,63219,63226,63227,63228,63229,63230,63231,63237,63238,63239,63240,63241,63242,63243,63244,63245,63246,63247,63248,63249,63250,63251,63252,63279,63280,63281,63286,63287,63288"
186,30154,"63010,63012,63013,63020"
187,26169,"63010,63011,63012,63013,63019,63020,63021,63022,63045,63046,63047,63051,63066,63067,63068,63069,63070,63076,63077,63078,63089,63090,63092,63093,63125,63126,63127,63131,63132"
188,33882,63004
189,28864,"63004,63052,63053,63054"
190,26875,"62997,62998,63004,63005,63006,63012,63013,63019,63020,63021,63022,63045,63046,63047,63051,63052,63053,63054,63055,63066,63067,63068,63069,63070,63076,63077,63078,63089,63090,63091,63092,63093,63125,63126,63127,63132,63133,63134,63135,63157,63158,63159,63160,63161,63162,63171,63172,63173,63174,63175,63176,63177,63178,63195,63196,63197,63198,63199,63217,63218,63219,63226,63227,63228,63238,63239,63240"
191,35933,"62996,62998,63004,63005,63006,63010,63011,63012,63013,63019,63020,63021,63022,63045,63046,63047,63051,63052,63053,63054,63055,63066,63067,63068,63069,63070,63076,63077,63078,63089,63090,63091,63092,63093,63125,63126,63127"
192,34215,"62968,62997,62998,63005,63006,63010,63011,63021,63022"
193,35656,"62965,62966,62967,62968,62996,62997,63006,63046,63047,63051,63052,63053,63054,63055,63066,63067,63068,63069,63070,63076,63077,63078,63089,63093,63125,63127,63131,63132,63156,63160,63161,63162,63171,63172,63173,63174,63196,63226,63227,63228,63229,63230,63231,63237,63238,63239,63240,63241,63242,63243,63335,63336,63337,63338,63339,63347,63348"
194,29533,"62952,62953,62954,63047"
195,29260,"62942,62943,62952,62953,62954,62965,62966,62967,62968,62997,62998,63004,63006,63045"
196,33028,62940
197,27591,"62940,62941,62942,62943,62953,62954,62967,62968,62996,62997,62998,63004,63005,63006,63010,63011,63076,63077,63078,63089,63090,63091,63092,63093,63125,63126,63131,63133,63134,63135,63156,63157,63158,63159,63160,63161,63162,63171,63172,63173,63174,63175,63176,63177,63178,63195,63196,63197,63198,63199,63217,63218,63219,63226,63227,63230,63231,63237"
198,32357,"62905,62912,62998,63004,63005,63006,63010,63011,63012,63013,63019,63020,63021,63022,63045,63046,63047,63051,63052,63053,63054,63055,63066,63067,63070,63090,63091,63092,63126,63127,63131,63132,63133,63134,63135,63156,63157,63158,63159,63175,63176,63177,63178,63195,63197,63198,63199,63217,63218"
199,32222,"62903,62904,62905,62913,62914,62915,62939,62940,62941,62942,62943,62952,62953,62954,62965,62966,62967,62968,62996,62997,62998,63004,63005,63006,63011,63012,63013,63019,63020,63021,63022,63045,63046,63047,63051,63052,63053,63054,63055,63091,63092,63093,63131,63133,63134,63135"
200,33850,"62902,62911,62913,62914,62939,62940,62941,62942,62943,62952,62953,62954,62965,62967,62968,62996,62998,63005,63010,63011,63051,63066,63067,63068,63069,63070,63076,63077,63078,63089"
201,28624,"62902,62903,62904,62905,62911,62912,62913,62965,62966,62967,62968,62998,63004,63005,63006,63010,63011,63012,63013,63019,63020,63021,63022,63045,63046,63051,63052,63053,63054,63055,63076,63077,63078,63089,63090,63091,63092,63093,63125,63126,63127,63131,63132,63133,63134,63135"
202,30173,"62887,62901"
203,28878,"62886,62943,62966"
204,34174,"62883,62887,62911,62912,62913,62914,62915,62941,62953,62954,62965,62997,62998,63004,63005,63010,63011,63012,63013,63019,63020,63021,63022,63045,63046,63051"
205,34090,62871
206,31004,"62871,62886,62887,62901"
207,30178,"62870,62871,62872,62886,62887,62901,62914,62915,62939,62940,62941,62942,62943,62966,62996,62997,63005,63006"
208,28118,"62870,62901,62902,62903,62904,62905,62911,62912,62913,62914,62915,62939,62940,62941,62942,62943,62952,62953,62954,62965,62966,62967,62996,63066,63067,63068,63090,63091,63093"
209,31045,"62868,62884"
210,26817,"62863,62864,62868,62869,62870,62883,62884,62885,62996,62997"
211,26268,62862
212,29663,"62861,62872,62884,62885,62886,62887,62901,62902,62903,62904,62905,62912,62913,62914,62915,62939,62940,62941,62942,62943,62952,62953,62954,62965,62966,62967,62968,62996,62997,63012,63013,63019,63020,63021,63022,63047,63066,63069,63070"
213,28045,"62849,62860,62861,62862,62863,62864,62868,62871,62872,62883,62884,62885,62886,62887,62901,62903,62904,62905,62911,62912,62913,62941,62942,62966,62967,62968,63011,63019"
214,33895,62848
215,34814,"62847,62848,62860,62861,62862,62863,62864,62868,62869,62885,62886"
216,30066,"62847,62869,62870,62871,62872"
217,33092,"62846,62901,62902,62904,62915,62939,62952"
218,29268,"62845,62846"
219,28861,"62845,62870"
220,26962,"62845,62846,62848,62849,62860,62862,62863,62864,62868,62869,62870,62871,62872,62883,62884,62885,62886,62887,62901,62902,62903,62904,62905,62911,62912,62913,62914,62915,62939,62940,62941,62942,62943,62952,62953,62954,62965,62966,62967,62968,62996,62997,62998,63004,63005,63006,63010,63011,63012,63013,63019,63020,63021,63022,63051"
221,32220,62805
222,34154,"62804,62805"
223,31760,"62804,62845,62860,62862,62863,62864,62868,62869,62870,62871,62872,62883,62884,62885,62887,62905,62911,62912,62913,62914,62915,62939,62940,62941,62942,62943,62952,62953,62954,62965,62966,62967,62968,62996,63010,63012,63013,63019,63020,63021,63022"
224,32284,62803
225,30974,"62803,62804,62904,62911,62914,62915,62939,62940"
226,27667,"62803,62804,62805,62806,62819,62845,62846,62847,62848,62849,62860,62861,62863,62864,62868,62869,62870,62871,62872,62883,62884,62885,62886,62887,62901,62902,62903,62904,62905,62911,62912"
227,34189,62802
228,30132,"62802,62803,62804,62806,62817,62819,62848,62861,62901,62902,62903,62939,62942,62952"
229,32236,"62786,62806,62817,62818,62869,62871,62872"
230,26897,"62786,62804,62819"
231,35308,"62782,62783,62784,62785,62786,62802,62803,62804,62806,62817,62818,62819,62845,62846,62847,62849,62862,62864,62869,62884,62885"
232,32371,"62782,62783,62784,62785,62786"
233,28814,"62753,62755,62805,62818,62847,62861,62862,62864"
234,28751,"62751,62754,62755,62783,62784,62785"
235,34007,"62745,62751,62755"
236,30908,"62744,62753"
237,33027,62743
238,27988,62743
239,26269,"62743,62744,62751,62752,62753,62754,62755"
240,31830,62742
241,28756,62742
242,33062,"62737,62738,62739,62740,62741,62744,62745,62751,62752,62753,62754,62755,62782,62783,62784,62785,62786,62802,62803,62804,62805,62806,62817,62818,62819,62845,62846,62848,62868,62869,62870,62871,62872"
243,28755,"62737,62742,62745,62751,62752,62849,62860,62862,62863,62864,62886"
244,30936,"62727,62728,62737,62738,62739,62740,62741,62742,62745,62752,62753,62754,62755,62782,62783,62784,62785,62786,62802,62803,62804,62805,62806,62817,62818,62819,62845,62846,62847,62849,62860,62861,62883,62884,62885,62886,62887,62901,62902,62903,62904,62905,62911,62912,62913,62914,62915,62939,62940,62941,62943,62952,62953,62954,62965"
245,28880,"62727,62743,62744,62751,62752,62753,62754,62755,62782,62783,62784,62785,62786,62802,62803,62804,62805,62806,62817,62818,62819,62845,62846,62847,62848,62849,62860,62861,62862,62863,62864,62883,62884,62885,62902,62903"
246,28095,"62727,62729,62739,62740,62744"
247,30950,"62726,62737,62738,62782"
248,28855,"62726,62727,62729,62737,62744,62783,62784,62872"
249,33186,"62725,62726,62727,62728,62729,62737,62738,62739,62740,62741,62742,62745,62752,62753,62754,62755,62782,62783,62784,62785,62786,62802,62805,62806,62817,62818,62819,62845,62846,62847,62848,62849,62860,62861,62862,62863,62864,62868,62869,62870,62871,62872,62883"
250,29721,"62725,62728,62742,62751,62752,62754,62848,62860,62861,62863,62868,62883"
251,26851,62694
252,33164,62693
253,27659,"62693,62725"
254,28821,"62692,62693,62694,62728,62729,62737,62738,62739,62740,62741,62742,62743,62745,62782,62783,62784,62785,62802,62817,62819,62846,62847"
255,26849,62692
256,35577,"62691,62725,62726,62727,62728,62729,62737,62738,62739,62740,62741,62742,62743,62744,62745,62751,62752,62753,62754,62755,62782,62783,62784,62785,62786,62802,62803,62804,62805,62806,62817,62818,62819,62845,62846,62847,62848,62849,62860,62861,62862,62863,62868,62869,62870,62883,62884,62885,62886,62887,62902,62903,62904,62905,62911,62912,62913,62914,62915"
257,35313,62690
258,29529,"62690,62691,62692,62694"
259,33088,"62679,62680,62690,62691"
260,34741,"62678,62679,62680,62690,62691,62692,62693,62694,62727,62729,62739,62740,62741,62745"
261,33009,62678
262,32309,"62677,62678,62679,62680,62690,62691,62693,62694,62725,62727,62728,62729,62737,62738,62739,62740,62744,62745,62751,62752,62753,62754,62782,62785,62786,62802,62803,62805,62806,62818,62847"
263,38997,"62677,62741,62742,62743,62744,62745"
264,33091,"62676,62678,62679"
265,30117,"62676,62677,62679,62680,62742"
266,29543,"62676,62677"
267,26179,"62676,62677,62678,62679,62680,62690,62691,62692,62693,62694,62725,62726,62728,62738,62739,62740,62741,62743,62817,62818,62849"
268,34081,"62663,62664,62676,62726"
269,33859,"62663,62676,62677,62678,62679,62680,62690,62692,62726"
270,33999,"62662,62691,62725,62726,62728,62737,62738"
271,32224,"62606,62607,62619,62662,62663,62664"
272,31021,"62662,62663,62664,62690,62691,62692,62693,62694,62725,62743"
273,30939,"62662,62663,62664,62676,62677,62678,62679,62680,62690,62691,62692,62693,62694,62725,62726,62727,62728,62729,62738,62739,62740,62741,62743,62744,62745,62751,62752,62753,62754,62755,62782,62783,62784,62785,62786,62802,62803,62805,62806,62817,62818,62819,62848,62849"
274,41030,"62662,62663,62664,62741,62742,62743,62744,62745,62773,62774,62775,62776,62782,62783,62784,62785,62786,62799,62800,62801,62816,62835,62836,62837,62838,62839"
275,29290,"62662,62663,62664,62676,62677,62678,62679,62680,62690,62691,62692,62693,62694,62725,62726,62727,62728,62729,62737,62738,62739,62740,62741,62743,62744,62751,62752,62753,62754,62755"
276,40329,"62662,62676,62677,62678,62679,62680,62741,62742,62816"
277,26860,62640
278,33059,"62639,62640"
279,30970,62639
280,35930,"62638,62639,62640"
281,29297,"62638,62662,62663,62664"
282,32278,62618
283,31813,"62617,62618,62638,62639,62662,62664,62676,62677,62678,62680,62728"
284,31061,"62617,62618,62638,62639,62640,62663,62664,62692,62693,62694,62729"
285,28850,62617
286,28092,"62617,62618,62640"
287,33068,62616
288,30996,"62616,62617,62618,62638,62639,62640,62662,62663,62664,62725"
289,29674,62616
290,29667,62616
291,26223,"62616,62617,62618,62662,62663,62664,62676,62677,62678,62679,62680,62690,62691,62692,62693,62694,62726,62727,62729,62741,62742,62743,62744,62745"
292,35940,"62605,62616,62617,62618,62638,62639,62640"
293,32157,"62605,62638"
294,31791,"62605,62616,62617,62638,62639,62640"
295,31816,"62605,62618"
296,31811,"62605,62616,62617,62618,62638,62639,62640"
297,31806,"62605,62616"
298,31939,"62605,62617,62618"
299,30743,62605
300,29654,"62605,62638,62639,62640"
301,27665,"62605,62616"
302,26228,"62605,62616,62617,62618,62638,62639,62640"
